-- MySQL dump 10.11
--
-- Host: localhost    Database: mail_dev
-- ------------------------------------------------------
-- Server version	5.0.77

/*!40101 SET @OLD_CHARACTER_SET_CLIENT=@@CHARACTER_SET_CLIENT */;
/*!40101 SET @OLD_CHARACTER_SET_RESULTS=@@CHARACTER_SET_RESULTS */;
/*!40101 SET @OLD_COLLATION_CONNECTION=@@COLLATION_CONNECTION */;
/*!40101 SET NAMES utf8 */;
/*!40103 SET @OLD_TIME_ZONE=@@TIME_ZONE */;
/*!40103 SET TIME_ZONE='+00:00' */;
/*!40014 SET @OLD_UNIQUE_CHECKS=@@UNIQUE_CHECKS, UNIQUE_CHECKS=0 */;
/*!40014 SET @OLD_FOREIGN_KEY_CHECKS=@@FOREIGN_KEY_CHECKS, FOREIGN_KEY_CHECKS=0 */;
/*!40101 SET @OLD_SQL_MODE=@@SQL_MODE, SQL_MODE='NO_AUTO_VALUE_ON_ZERO' */;
/*!40111 SET @OLD_SQL_NOTES=@@SQL_NOTES, SQL_NOTES=0 */;

--
-- Table structure for table `campaign_entries`
--

DROP TABLE IF EXISTS `campaign_entries`;
SET @saved_cs_client     = @@character_set_client;
SET character_set_client = utf8;
CREATE TABLE `campaign_entries` (
  `id` int(11) NOT NULL auto_increment,
  `campaign_id` int(11) default NULL,
  `entry_id` int(11) default NULL,
  `value` varchar(255) collate utf8_unicode_ci default NULL,
  `created_at` datetime NOT NULL,
  `updated_at` datetime NOT NULL,
  PRIMARY KEY  (`id`)
) ENGINE=InnoDB AUTO_INCREMENT=96 DEFAULT CHARSET=utf8 COLLATE=utf8_unicode_ci;
SET character_set_client = @saved_cs_client;

--
-- Dumping data for table `campaign_entries`
--

LOCK TABLES `campaign_entries` WRITE;
/*!40000 ALTER TABLE `campaign_entries` DISABLE KEYS */;
INSERT INTO `campaign_entries` VALUES (7,3,83,'href0','2012-07-03 07:42:21','2012-07-03 07:42:21'),(8,3,84,'href1','2012-07-03 07:42:21','2012-07-03 07:42:21'),(9,3,85,'text0','2012-07-03 07:42:21','2012-07-03 07:42:21'),(10,3,86,'text1','2012-07-03 07:42:21','2012-07-03 07:42:21'),(11,3,87,'latest.gif','2012-07-03 07:42:21','2012-07-03 07:42:21'),(12,3,88,'latest.gif','2012-07-03 07:42:21','2012-07-03 07:42:21'),(13,3,89,'latest.gif','2012-07-03 07:42:21','2012-07-03 07:42:21'),(14,3,90,'latest.gif','2012-07-03 07:42:21','2012-07-03 07:42:21'),(15,3,91,'latest.gif','2012-07-03 07:42:21','2012-07-03 07:42:21'),(16,2,16,'href0','2012-07-03 07:43:31','2012-07-03 07:43:31'),(17,2,17,'href1','2012-07-03 07:43:31','2012-07-03 07:43:31'),(18,2,18,'text0','2012-07-03 07:43:31','2012-07-03 07:43:31'),(19,2,19,'text1','2012-07-03 07:43:31','2012-07-03 07:43:31'),(20,1,83,'href0','2012-07-03 07:43:42','2012-07-03 07:43:42'),(21,1,84,'href1','2012-07-03 07:43:42','2012-07-03 07:43:42'),(22,1,85,'text0','2012-07-03 07:43:42','2012-07-03 07:43:42'),(23,1,86,'text1','2012-07-03 07:43:42','2012-07-03 07:43:42'),(24,1,87,'latest.gif','2012-07-03 07:43:42','2012-07-03 07:43:42'),(25,1,88,'latest.gif','2012-07-03 07:43:42','2012-07-03 07:43:42'),(26,1,89,'latest.gif','2012-07-03 07:43:42','2012-07-03 07:43:42'),(27,1,90,'latest.gif','2012-07-03 07:43:42','2012-07-03 07:43:42'),(28,1,91,'latest.gif','2012-07-03 07:43:42','2012-07-03 07:43:42'),(29,4,16,'href0','2012-07-03 07:44:36','2012-07-03 07:44:36'),(30,4,17,'href1','2012-07-03 07:44:36','2012-07-03 07:44:36'),(31,4,18,'text0','2012-07-03 07:44:36','2012-07-03 07:44:36'),(32,4,19,'text1','2012-07-03 07:44:36','2012-07-03 07:44:36'),(33,4,83,'href0','2012-07-13 02:06:39','2012-07-13 02:06:39'),(34,4,84,'href1','2012-07-13 02:06:39','2012-07-13 02:06:39'),(35,4,85,'text0','2012-07-13 02:06:39','2012-07-13 02:06:39'),(36,4,86,'text1','2012-07-13 02:06:39','2012-07-13 02:06:39'),(37,4,87,'latest.gif','2012-07-13 02:06:39','2012-07-13 02:06:39'),(38,4,88,'latest.gif','2012-07-13 02:06:39','2012-07-13 02:06:39'),(39,4,89,'latest.gif','2012-07-13 02:06:39','2012-07-13 02:06:39'),(40,4,90,'latest.gif','2012-07-13 02:06:39','2012-07-13 02:06:39'),(41,4,91,'latest.gif','2012-07-13 02:06:39','2012-07-13 02:06:39'),(42,4,1089,'http://www.ipc.me/olympic-high-tech-equipments.html','2012-07-19 07:28:58','2012-07-19 07:28:58'),(43,4,1090,'http://www.ipc.me/olympic-high-tech-equipment.html','2012-07-19 07:28:58','2012-07-19 07:28:58'),(44,4,1091,'http://www.ipc.me/tag/3d','2012-07-19 07:28:58','2012-07-19 07:28:58'),(45,4,1092,'50065d08307ed.jpg','2012-07-19 07:28:58','2012-07-19 07:28:58'),(46,4,1093,'50065d0853e52.jpg','2012-07-19 07:28:58','2012-07-19 07:28:58'),(47,4,1094,'50065d0875190.jpg','2012-07-19 07:28:58','2012-07-19 07:28:58'),(48,4,1095,'http://www.ipc.me/tag/%E4%BA%A7%E5%93%81','2012-07-19 07:39:00','2012-07-19 07:39:00'),(49,4,1096,'http://www.ipc.me/tag/%E7%A7%91%E6%8A%80','2012-07-19 07:39:00','2012-07-19 07:39:00'),(50,4,1097,'http://www.ipc.me/olympic-high-tech-equipments.html','2012-07-19 07:39:00','2012-07-19 07:39:00'),(51,4,1098,'http://www.ipc.me/olympic-high-tech-equipment.html','2012-07-19 07:39:00','2012-07-19 07:39:00'),(52,4,1099,'http://www.ipc.me/tag/3d','2012-07-19 07:39:00','2012-07-19 07:39:00'),(53,4,1100,'50065cd582297.jpg','2012-07-19 07:39:00','2012-07-19 07:39:00'),(54,4,1101,'50065d07ad023.jpg','2012-07-19 07:39:00','2012-07-19 07:39:00'),(55,4,1102,'50065d07ddd61.jpg','2012-07-19 07:39:00','2012-07-19 07:39:00'),(56,4,1103,'50065d08117d6.jpg','2012-07-19 07:39:00','2012-07-19 07:39:00'),(57,4,1104,'50065d08307ed.jpg','2012-07-19 07:39:00','2012-07-19 07:39:00'),(58,4,1105,'50065d0853e52.jpg','2012-07-19 07:39:00','2012-07-19 07:39:00'),(59,4,1106,'50065d0875190.jpg','2012-07-19 07:39:00','2012-07-19 07:39:00'),(60,5,16,'href0','2012-08-06 10:48:52','2012-08-06 10:48:52'),(61,5,17,'href1','2012-08-06 10:48:52','2012-08-06 10:48:52'),(62,5,18,'text0','2012-08-06 10:48:52','2012-08-06 10:48:52'),(63,5,19,'text1','2012-08-06 10:48:52','2012-08-06 10:48:52'),(64,6,16,'href0','2012-08-06 10:50:02','2012-08-06 10:50:02'),(65,6,17,'href1','2012-08-06 10:50:02','2012-08-06 10:50:02'),(66,6,18,'text0','2012-08-06 10:50:02','2012-08-06 10:50:02'),(67,6,19,'text1','2012-08-06 10:50:02','2012-08-06 10:50:02'),(68,7,16,'href0','2012-08-06 10:51:11','2012-08-06 10:51:11'),(69,7,17,'href1','2012-08-06 10:51:11','2012-08-06 10:51:11'),(70,7,18,'text0','2012-08-06 10:51:11','2012-08-06 10:51:11'),(71,7,19,'text1','2012-08-06 10:51:11','2012-08-06 10:51:11'),(72,8,16,'href0','2012-08-06 10:54:07','2012-08-06 10:54:07'),(73,8,17,'href1','2012-08-06 10:54:07','2012-08-06 10:54:07'),(74,8,18,'text0','2012-08-06 10:54:07','2012-08-06 10:54:07'),(75,8,19,'text1','2012-08-06 10:54:07','2012-08-06 10:54:07'),(76,4,1407,'href0','2012-08-14 01:52:47','2012-08-14 01:52:47'),(77,4,1408,'href1','2012-08-14 01:52:47','2012-08-14 01:52:47'),(78,4,1409,'http://blog.caijing.com.cn/expert.shtml','2012-08-14 01:52:47','2012-08-14 01:52:47'),(79,4,1410,'latest.gif','2012-08-14 01:52:47','2012-08-14 01:52:47'),(80,4,1411,'latest.gif','2012-08-14 01:52:47','2012-08-14 01:52:47'),(81,4,1412,'latest.gif','2012-08-14 01:52:47','2012-08-14 01:52:47'),(82,4,1413,'latest.gif','2012-08-14 01:52:47','2012-08-14 01:52:47'),(83,4,1414,'latest.gif','2012-08-14 01:52:47','2012-08-14 01:52:47'),(84,4,1415,'IBM2012Q3CEO_neswletter_300x250_120710.jpg','2012-08-14 01:52:47','2012-08-14 01:52:47'),(85,4,1416,'p_003.htm','2012-08-14 01:52:47','2012-08-14 01:52:47'),(86,8,1407,'href0','2012-08-14 01:53:00','2012-08-14 01:53:00'),(87,8,1408,'href1','2012-08-14 01:53:00','2012-08-14 01:53:00'),(88,8,1409,'http://blog.caijing.com.cn/expert.shtml','2012-08-14 01:53:00','2012-08-14 01:53:00'),(89,8,1410,'latest.gif','2012-08-14 01:53:00','2012-08-14 01:53:00'),(90,8,1411,'latest.gif','2012-08-14 01:53:00','2012-08-14 01:53:00'),(91,8,1412,'latest.gif','2012-08-14 01:53:00','2012-08-14 01:53:00'),(92,8,1413,'latest.gif','2012-08-14 01:53:00','2012-08-14 01:53:00'),(93,8,1414,'latest.gif','2012-08-14 01:53:00','2012-08-14 01:53:00'),(94,8,1415,'IBM2012Q3CEO_neswletter_300x250_120710.jpg','2012-08-14 01:53:00','2012-08-14 01:53:00'),(95,8,1416,'p_003.htm','2012-08-14 01:53:00','2012-08-14 01:53:00');
/*!40000 ALTER TABLE `campaign_entries` ENABLE KEYS */;
UNLOCK TABLES;

--
-- Table structure for table `campaign_lists`
--

DROP TABLE IF EXISTS `campaign_lists`;
SET @saved_cs_client     = @@character_set_client;
SET character_set_client = utf8;
CREATE TABLE `campaign_lists` (
  `id` int(11) NOT NULL auto_increment,
  `campaign_id` int(11) default NULL,
  `list_id` varchar(255) collate utf8_unicode_ci default NULL,
  `created_at` datetime NOT NULL,
  `updated_at` datetime NOT NULL,
  PRIMARY KEY  (`id`)
) ENGINE=InnoDB AUTO_INCREMENT=5 DEFAULT CHARSET=utf8 COLLATE=utf8_unicode_ci;
SET character_set_client = @saved_cs_client;

--
-- Dumping data for table `campaign_lists`
--

LOCK TABLES `campaign_lists` WRITE;
/*!40000 ALTER TABLE `campaign_lists` DISABLE KEYS */;
INSERT INTO `campaign_lists` VALUES (1,2,'1','2012-06-29 06:35:30','2012-06-29 06:35:30'),(2,2,'2','2012-06-29 06:35:30','2012-06-29 06:35:30'),(3,4,'1','2012-07-11 02:25:13','2012-07-11 02:25:13'),(4,4,'3','2012-08-06 02:10:46','2012-08-06 02:10:46');
/*!40000 ALTER TABLE `campaign_lists` ENABLE KEYS */;
UNLOCK TABLES;

--
-- Table structure for table `campaigns`
--

DROP TABLE IF EXISTS `campaigns`;
SET @saved_cs_client     = @@character_set_client;
SET character_set_client = utf8;
CREATE TABLE `campaigns` (
  `id` int(11) NOT NULL auto_increment,
  `name` varchar(255) collate utf8_unicode_ci default NULL,
  `from_name` varchar(255) collate utf8_unicode_ci default NULL,
  `from_email` varchar(255) collate utf8_unicode_ci default NULL,
  `subject` varchar(255) collate utf8_unicode_ci default NULL,
  `template_id` int(11) default NULL,
  `created_at` datetime NOT NULL,
  `updated_at` datetime NOT NULL,
  `from_time` datetime default NULL,
  PRIMARY KEY  (`id`)
) ENGINE=InnoDB AUTO_INCREMENT=9 DEFAULT CHARSET=utf8 COLLATE=utf8_unicode_ci;
SET character_set_client = @saved_cs_client;

--
-- Dumping data for table `campaigns`
--

LOCK TABLES `campaigns` WRITE;
/*!40000 ALTER TABLE `campaigns` DISABLE KEYS */;
INSERT INTO `campaigns` VALUES (4,'eric','yue','yy_lfy@m2kdemo.openfind.com','1',88,'2012-07-03 07:44:36','2012-08-17 02:22:51','2012-08-08 09:38:39'),(8,'1','1','1','1',88,'2012-08-06 10:54:07','2012-08-14 01:53:00',NULL);
/*!40000 ALTER TABLE `campaigns` ENABLE KEYS */;
UNLOCK TABLES;

--
-- Table structure for table `cemail_logs`
--

DROP TABLE IF EXISTS `cemail_logs`;
SET @saved_cs_client     = @@character_set_client;
SET character_set_client = utf8;
CREATE TABLE `cemail_logs` (
  `id` int(11) NOT NULL auto_increment,
  `template_id` int(11) default NULL,
  `from_email` varchar(255) collate utf8_unicode_ci default NULL,
  `to_eamil` varchar(255) collate utf8_unicode_ci default NULL,
  `subject` varchar(255) collate utf8_unicode_ci default NULL,
  `user_id` int(11) default NULL,
  `created_at` datetime NOT NULL,
  `updated_at` datetime NOT NULL,
  PRIMARY KEY  (`id`)
) ENGINE=InnoDB AUTO_INCREMENT=91 DEFAULT CHARSET=utf8 COLLATE=utf8_unicode_ci;
SET character_set_client = @saved_cs_client;

--
-- Dumping data for table `cemail_logs`
--

LOCK TABLES `cemail_logs` WRITE;
/*!40000 ALTER TABLE `cemail_logs` DISABLE KEYS */;
INSERT INTO `cemail_logs` VALUES (16,36,'yy_lfy@m2kdemo.openfind.com','yueyiwhb@gmail.com','1',1,'2012-08-10 04:23:18','2012-08-10 04:23:18'),(17,36,'yy_lfy@m2kdemo.openfind.com','123@126.com','1',1,'2012-08-10 04:23:18','2012-08-10 04:23:18'),(18,36,'yy_lfy@m2kdemo.openfind.com','1234@126.com','1',1,'2012-08-10 04:23:19','2012-08-10 04:23:19'),(19,36,'yy_lfy@m2kdemo.openfind.com','ddddd','1',1,'2012-08-10 04:23:19','2012-08-10 04:23:19'),(20,36,'yy_lfy@m2kdemo.openfind.com','12345@126.com','1',1,'2012-08-10 04:23:19','2012-08-10 04:23:19'),(21,36,'yy_lfy@m2kdemo.openfind.com','yueyiwhb@gmail.com','1',1,'2012-08-14 01:22:30','2012-08-14 01:22:30'),(22,36,'yy_lfy@m2kdemo.openfind.com','123@126.com','1',1,'2012-08-14 01:22:30','2012-08-14 01:22:30'),(23,36,'yy_lfy@m2kdemo.openfind.com','1234@126.com','1',1,'2012-08-14 01:22:30','2012-08-14 01:22:30'),(24,36,'yy_lfy@m2kdemo.openfind.com','ddddd','1',1,'2012-08-14 01:22:30','2012-08-14 01:22:30'),(25,36,'yy_lfy@m2kdemo.openfind.com','12345@126.com','1',1,'2012-08-14 01:22:30','2012-08-14 01:22:30'),(26,36,'yy_lfy@m2kdemo.openfind.com','yueyiwhb@gmail.com','1',1,'2012-08-14 01:25:38','2012-08-14 01:25:38'),(27,36,'yy_lfy@m2kdemo.openfind.com','123@126.com','1',1,'2012-08-14 01:25:39','2012-08-14 01:25:39'),(28,36,'yy_lfy@m2kdemo.openfind.com','1234@126.com','1',1,'2012-08-14 01:25:39','2012-08-14 01:25:39'),(29,36,'yy_lfy@m2kdemo.openfind.com','ddddd','1',1,'2012-08-14 01:25:39','2012-08-14 01:25:39'),(30,36,'yy_lfy@m2kdemo.openfind.com','12345@126.com','1',1,'2012-08-14 01:25:39','2012-08-14 01:25:39'),(31,36,'yy_lfy@m2kdemo.openfind.com','yueyiwhb@gmail.com','1',1,'2012-08-14 01:27:39','2012-08-14 01:27:39'),(32,36,'yy_lfy@m2kdemo.openfind.com','123@126.com','1',1,'2012-08-14 01:27:39','2012-08-14 01:27:39'),(33,36,'yy_lfy@m2kdemo.openfind.com','1234@126.com','1',1,'2012-08-14 01:27:39','2012-08-14 01:27:39'),(34,36,'yy_lfy@m2kdemo.openfind.com','ddddd','1',1,'2012-08-14 01:27:39','2012-08-14 01:27:39'),(35,36,'yy_lfy@m2kdemo.openfind.com','12345@126.com','1',1,'2012-08-14 01:27:39','2012-08-14 01:27:39'),(36,88,'yy_lfy@m2kdemo.openfind.com','yueyiwhb@gmail.com','1',1,'2012-08-14 01:53:04','2012-08-14 01:53:04'),(37,88,'yy_lfy@m2kdemo.openfind.com','123@126.com','1',1,'2012-08-14 01:53:04','2012-08-14 01:53:04'),(38,88,'yy_lfy@m2kdemo.openfind.com','1234@126.com','1',1,'2012-08-14 01:53:04','2012-08-14 01:53:04'),(39,88,'yy_lfy@m2kdemo.openfind.com','ddddd','1',1,'2012-08-14 01:53:04','2012-08-14 01:53:04'),(40,88,'yy_lfy@m2kdemo.openfind.com','12345@126.com','1',1,'2012-08-14 01:53:05','2012-08-14 01:53:05'),(41,88,'yy_lfy@m2kdemo.openfind.com','ddddd','1',1,'2012-08-14 04:01:55','2012-08-14 04:01:55'),(42,88,'yy_lfy@m2kdemo.openfind.com','','1',1,'2012-08-14 04:06:46','2012-08-14 04:06:46'),(43,88,'yy_lfy@m2kdemo.openfind.com','','1',1,'2012-08-14 04:09:01','2012-08-14 04:09:01'),(44,88,'yy_lfy@m2kdemo.openfind.com','ddddd@kdkd.com','1',1,'2012-08-14 04:11:02','2012-08-14 04:11:02'),(45,88,'yy_lfy@m2kdemo.openfind.com','ddddd@kdkd.com','1',1,'2012-08-14 04:11:25','2012-08-14 04:11:25'),(46,88,'yy_lfy@m2kdemo.openfind.com','yueyiwhb@gmail.com','1',1,'2012-08-16 04:49:56','2012-08-16 04:49:56'),(47,88,'yy_lfy@m2kdemo.openfind.com','123@126.com','1',1,'2012-08-16 04:49:56','2012-08-16 04:49:56'),(48,88,'yy_lfy@m2kdemo.openfind.com','1234@126.com','1',1,'2012-08-16 04:49:56','2012-08-16 04:49:56'),(49,88,'yy_lfy@m2kdemo.openfind.com','ddddd','1',1,'2012-08-16 04:49:56','2012-08-16 04:49:56'),(50,88,'yy_lfy@m2kdemo.openfind.com','12345@126.com','1',1,'2012-08-16 04:49:56','2012-08-16 04:49:56'),(51,88,'yy_lfy@m2kdemo.openfind.com','yueyiwhb@gmail.com','1',1,'2012-08-16 05:01:49','2012-08-16 05:01:49'),(52,88,'yy_lfy@m2kdemo.openfind.com','123@126.com','1',1,'2012-08-16 05:01:49','2012-08-16 05:01:49'),(53,88,'yy_lfy@m2kdemo.openfind.com','1234@126.com','1',1,'2012-08-16 05:01:49','2012-08-16 05:01:49'),(54,88,'yy_lfy@m2kdemo.openfind.com','ddddd','1',1,'2012-08-16 05:01:50','2012-08-16 05:01:50'),(55,88,'yy_lfy@m2kdemo.openfind.com','12345@126.com','1',1,'2012-08-16 05:01:50','2012-08-16 05:01:50'),(56,88,'yy_lfy@m2kdemo.openfind.com','yueyiwhb@gmail.com','1',1,'2012-08-16 05:03:45','2012-08-16 05:03:45'),(57,88,'yy_lfy@m2kdemo.openfind.com','123@126.com','1',1,'2012-08-16 05:03:45','2012-08-16 05:03:45'),(58,88,'yy_lfy@m2kdemo.openfind.com','1234@126.com','1',1,'2012-08-16 05:03:45','2012-08-16 05:03:45'),(59,88,'yy_lfy@m2kdemo.openfind.com','ddddd','1',1,'2012-08-16 05:03:45','2012-08-16 05:03:45'),(60,88,'yy_lfy@m2kdemo.openfind.com','12345@126.com','1',1,'2012-08-16 05:03:46','2012-08-16 05:03:46'),(61,88,'yy_lfy@m2kdemo.openfind.com','yueyiwhb@gmail.com','1',1,'2012-08-16 05:55:42','2012-08-16 05:55:42'),(62,88,'yy_lfy@m2kdemo.openfind.com','123@126.com','1',1,'2012-08-16 05:55:42','2012-08-16 05:55:42'),(63,88,'yy_lfy@m2kdemo.openfind.com','1234@126.com','1',1,'2012-08-16 05:55:42','2012-08-16 05:55:42'),(64,88,'yy_lfy@m2kdemo.openfind.com','ddddd','1',1,'2012-08-16 05:55:43','2012-08-16 05:55:43'),(65,88,'yy_lfy@m2kdemo.openfind.com','12345@126.com','1',1,'2012-08-16 05:55:43','2012-08-16 05:55:43'),(66,88,'yy_lfy@m2kdemo.openfind.com','yueyiwhb@gmail.com','1',1,'2012-08-16 05:56:11','2012-08-16 05:56:11'),(67,88,'yy_lfy@m2kdemo.openfind.com','123@126.com','1',1,'2012-08-16 05:56:11','2012-08-16 05:56:11'),(68,88,'yy_lfy@m2kdemo.openfind.com','1234@126.com','1',1,'2012-08-16 05:56:11','2012-08-16 05:56:11'),(69,88,'yy_lfy@m2kdemo.openfind.com','ddddd','1',1,'2012-08-16 05:56:11','2012-08-16 05:56:11'),(70,88,'yy_lfy@m2kdemo.openfind.com','12345@126.com','1',1,'2012-08-16 05:56:11','2012-08-16 05:56:11'),(71,88,'yy_lfy@m2kdemo.openfind.com','yueyiwhb@gmail.com','1',1,'2012-08-16 05:56:54','2012-08-16 05:56:54'),(72,88,'yy_lfy@m2kdemo.openfind.com','123@126.com','1',1,'2012-08-16 05:56:54','2012-08-16 05:56:54'),(73,88,'yy_lfy@m2kdemo.openfind.com','1234@126.com','1',1,'2012-08-16 05:56:54','2012-08-16 05:56:54'),(74,88,'yy_lfy@m2kdemo.openfind.com','ddddd','1',1,'2012-08-16 05:56:54','2012-08-16 05:56:54'),(75,88,'yy_lfy@m2kdemo.openfind.com','12345@126.com','1',1,'2012-08-16 05:56:54','2012-08-16 05:56:54'),(76,88,'yy_lfy@m2kdemo.openfind.com','yueyiwhb@gmail.com','1',1,'2012-08-16 06:32:08','2012-08-16 06:32:08'),(77,88,'yy_lfy@m2kdemo.openfind.com','123@126.com','1',1,'2012-08-16 06:32:08','2012-08-16 06:32:08'),(78,88,'yy_lfy@m2kdemo.openfind.com','1234@126.com','1',1,'2012-08-16 06:32:08','2012-08-16 06:32:08'),(79,88,'yy_lfy@m2kdemo.openfind.com','ddddd','1',1,'2012-08-16 06:32:08','2012-08-16 06:32:08'),(80,88,'yy_lfy@m2kdemo.openfind.com','12345@126.com','1',1,'2012-08-16 06:32:08','2012-08-16 06:32:08'),(81,88,'yy_lfy@m2kdemo.openfind.com','yueyiwhb@gmail.com','1',1,'2012-08-17 02:03:38','2012-08-17 02:03:38'),(82,88,'yy_lfy@m2kdemo.openfind.com','123@126.com','1',1,'2012-08-17 02:03:38','2012-08-17 02:03:38'),(83,88,'yy_lfy@m2kdemo.openfind.com','1234@126.com','1',1,'2012-08-17 02:03:38','2012-08-17 02:03:38'),(84,88,'yy_lfy@m2kdemo.openfind.com','ddddd','1',1,'2012-08-17 02:03:38','2012-08-17 02:03:38'),(85,88,'yy_lfy@m2kdemo.openfind.com','12345@126.com','1',1,'2012-08-17 02:03:38','2012-08-17 02:03:38'),(86,88,'yy_lfy@m2kdemo.openfind.com','yueyiwhb@gmail.com','1',1,'2012-08-17 02:11:52','2012-08-17 02:11:52'),(87,88,'yy_lfy@m2kdemo.openfind.com','123@126.com','1',1,'2012-08-17 02:11:52','2012-08-17 02:11:52'),(88,88,'yy_lfy@m2kdemo.openfind.com','1234@126.com','1',1,'2012-08-17 02:11:52','2012-08-17 02:11:52'),(89,88,'yy_lfy@m2kdemo.openfind.com','ddddd','1',1,'2012-08-17 02:11:52','2012-08-17 02:11:52'),(90,88,'yy_lfy@m2kdemo.openfind.com','12345@126.com','1',1,'2012-08-17 02:11:52','2012-08-17 02:11:52');
/*!40000 ALTER TABLE `cemail_logs` ENABLE KEYS */;
UNLOCK TABLES;

--
-- Table structure for table `clicks`
--

DROP TABLE IF EXISTS `clicks`;
SET @saved_cs_client     = @@character_set_client;
SET character_set_client = utf8;
CREATE TABLE `clicks` (
  `id` int(11) NOT NULL auto_increment,
  `member_id` int(11) default NULL,
  `campaign_id` int(11) default NULL,
  `link_id` int(11) default NULL,
  `created_at` datetime NOT NULL,
  `updated_at` datetime NOT NULL,
  PRIMARY KEY  (`id`)
) ENGINE=InnoDB AUTO_INCREMENT=2 DEFAULT CHARSET=utf8 COLLATE=utf8_unicode_ci;
SET character_set_client = @saved_cs_client;

--
-- Dumping data for table `clicks`
--

LOCK TABLES `clicks` WRITE;
/*!40000 ALTER TABLE `clicks` DISABLE KEYS */;
INSERT INTO `clicks` VALUES (1,1,4,1,'2012-07-19 09:16:40','2012-07-19 09:16:40');
/*!40000 ALTER TABLE `clicks` ENABLE KEYS */;
UNLOCK TABLES;

--
-- Table structure for table `entries`
--

DROP TABLE IF EXISTS `entries`;
SET @saved_cs_client     = @@character_set_client;
SET character_set_client = utf8;
CREATE TABLE `entries` (
  `id` int(11) NOT NULL auto_increment,
  `template_id` int(11) default NULL,
  `name` varchar(255) collate utf8_unicode_ci default NULL,
  `default_value` varchar(255) collate utf8_unicode_ci default NULL,
  `created_at` datetime NOT NULL,
  `updated_at` datetime NOT NULL,
  PRIMARY KEY  (`id`)
) ENGINE=InnoDB AUTO_INCREMENT=1427 DEFAULT CHARSET=utf8 COLLATE=utf8_unicode_ci;
SET character_set_client = @saved_cs_client;

--
-- Dumping data for table `entries`
--

LOCK TABLES `entries` WRITE;
/*!40000 ALTER TABLE `entries` DISABLE KEYS */;
INSERT INTO `entries` VALUES (16,4,'href0','href0','2012-07-03 04:51:57','2012-08-01 10:47:34'),(17,4,'href1','href1','2012-07-03 04:51:57','2012-08-01 10:47:38'),(18,4,'text2','text0','2012-07-03 04:51:57','2012-08-01 10:47:43'),(19,4,'text3','text1','2012-07-03 04:51:57','2012-07-03 04:51:57'),(83,12,'href0','href0','2012-07-03 07:12:38','2012-07-03 07:12:38'),(84,12,'href1','href1','2012-07-03 07:12:38','2012-07-03 07:12:38'),(85,12,'text2','text0','2012-07-03 07:12:38','2012-07-03 07:12:38'),(86,12,'text3','text1','2012-07-03 07:12:38','2012-07-03 07:12:38'),(87,12,'img4','120625121627.jpg','2012-07-03 07:12:38','2012-07-19 04:23:24'),(88,12,'img5','120625121627.jpg','2012-07-03 07:12:38','2012-07-19 04:23:36'),(89,12,'img6','120625121627.jpg','2012-07-03 07:12:38','2012-07-19 04:24:35'),(90,12,'img7','120625121627.jpg','2012-07-03 07:12:38','2012-07-19 04:24:42'),(91,12,'img8','120625121627.jpg','2012-07-03 07:12:38','2012-07-19 04:24:46'),(1095,36,'href0','http://www.ipc.me/tag/%E4%BA%A7%E5%93%81','2012-07-19 07:35:00','2012-07-19 07:35:00'),(1096,36,'href1','http://www.ipc.me/tag/%E7%A7%91%E6%8A%80','2012-07-19 07:35:00','2012-07-19 07:35:00'),(1097,36,'href2','http://www.ipc.me/olympic-high-tech-equipments.html','2012-07-19 07:35:00','2012-07-19 07:35:00'),(1098,36,'href3','http://www.ipc.me/olympic-high-tech-equipment.html','2012-07-19 07:35:00','2012-07-19 07:35:00'),(1099,36,'href4','http://www.ipc.me/tag/3d','2012-07-19 07:35:00','2012-07-19 07:35:00'),(1100,36,'img5','50065cd582297.jpg','2012-07-19 07:35:00','2012-07-19 07:35:00'),(1101,36,'img6','50065d07ad023.jpg','2012-07-19 07:35:00','2012-07-19 07:35:00'),(1102,36,'img7','50065d07ddd61.jpg','2012-07-19 07:35:00','2012-07-19 07:35:00'),(1103,36,'img8','50065d08117d6.jpg','2012-07-19 07:35:00','2012-07-19 07:35:00'),(1104,36,'img9','50065d08307ed.jpg','2012-07-19 07:35:00','2012-07-19 07:35:00'),(1105,36,'img10','50065d0853e52.jpg','2012-07-19 07:35:00','2012-07-19 07:35:00'),(1106,36,'img11','50065d0875190.jpg','2012-07-19 07:35:00','2012-07-19 07:35:00'),(1397,87,'href0','href0','2012-08-09 07:29:45','2012-08-09 07:29:45'),(1398,87,'href1','href1','2012-08-09 07:29:45','2012-08-09 07:29:45'),(1399,87,'href2','http://blog.caijing.com.cn/expert.shtml','2012-08-09 07:29:45','2012-08-09 07:29:45'),(1400,87,'img3','latest.gif','2012-08-09 07:29:45','2012-08-09 07:29:45'),(1401,87,'img4','latest.gif','2012-08-09 07:29:45','2012-08-09 07:29:45'),(1402,87,'img5','latest.gif','2012-08-09 07:29:45','2012-08-09 07:29:45'),(1403,87,'img6','latest.gif','2012-08-09 07:29:45','2012-08-09 07:29:45'),(1404,87,'img7','latest.gif','2012-08-09 07:29:45','2012-08-09 07:29:45'),(1405,87,'img8','IBM2012Q3CEO_neswletter_300x250_120710.jpg','2012-08-09 07:29:45','2012-08-09 07:29:45'),(1406,87,'img9','p_003.htm','2012-08-09 07:29:45','2012-08-09 07:29:45'),(1407,88,'href0','href0','2012-08-14 01:52:30','2012-08-14 01:52:30'),(1408,88,'href1','href1','2012-08-14 01:52:30','2012-08-14 01:52:30'),(1409,88,'href2','http://blog.caijing.com.cn/expert.shtml','2012-08-14 01:52:30','2012-08-14 01:52:30'),(1410,88,'img3','latest.gif','2012-08-14 01:52:30','2012-08-14 01:52:30'),(1411,88,'img4','latest.gif','2012-08-14 01:52:30','2012-08-14 01:52:30'),(1412,88,'img5','latest.gif','2012-08-14 01:52:30','2012-08-14 01:52:30'),(1413,88,'img6','latest.gif','2012-08-14 01:52:30','2012-08-14 01:52:30'),(1414,88,'img7','latest.gif','2012-08-14 01:52:30','2012-08-14 01:52:30'),(1415,88,'img8','IBM2012Q3CEO_neswletter_300x250_120710.jpg','2012-08-14 01:52:30','2012-08-14 01:52:30'),(1416,88,'img9','p_003.htm','2012-08-14 01:52:30','2012-08-14 01:52:30'),(1417,89,'href0','href0','2012-08-22 02:56:56','2012-08-22 02:56:56'),(1418,89,'href1','href1','2012-08-22 02:56:56','2012-08-22 02:56:56'),(1419,89,'href2','http://blog.caijing.com.cn/expert.shtml','2012-08-22 02:56:56','2012-08-22 02:56:56'),(1420,89,'img3','latest.gif','2012-08-22 02:56:56','2012-08-22 02:56:56'),(1421,89,'img4','latest.gif','2012-08-22 02:56:56','2012-08-22 02:56:56'),(1422,89,'img5','latest.gif','2012-08-22 02:56:56','2012-08-22 02:56:56'),(1423,89,'img6','latest.gif','2012-08-22 02:56:56','2012-08-22 02:56:56'),(1424,89,'img7','latest.gif','2012-08-22 02:56:56','2012-08-22 02:56:56'),(1425,89,'img8','IBM2012Q3CEO_neswletter_300x250_120710.jpg','2012-08-22 02:56:56','2012-08-22 02:56:56'),(1426,89,'img9','p_003.htm','2012-08-22 02:56:56','2012-08-22 02:56:56');
/*!40000 ALTER TABLE `entries` ENABLE KEYS */;
UNLOCK TABLES;

--
-- Table structure for table `links`
--

DROP TABLE IF EXISTS `links`;
SET @saved_cs_client     = @@character_set_client;
SET character_set_client = utf8;
CREATE TABLE `links` (
  `id` int(11) NOT NULL auto_increment,
  `url` varchar(255) collate utf8_unicode_ci default NULL,
  `created_at` datetime NOT NULL,
  `updated_at` datetime NOT NULL,
  PRIMARY KEY  (`id`)
) ENGINE=InnoDB AUTO_INCREMENT=7 DEFAULT CHARSET=utf8 COLLATE=utf8_unicode_ci;
SET character_set_client = @saved_cs_client;

--
-- Dumping data for table `links`
--

LOCK TABLES `links` WRITE;
/*!40000 ALTER TABLE `links` DISABLE KEYS */;
INSERT INTO `links` VALUES (1,'http://www.ipc.me/tag/%E4%BA%A7%E5%93%81','2012-07-19 09:06:24','2012-07-19 09:06:24'),(2,'http://www.ipc.me/tag/%E7%A7%91%E6%8A%80','2012-07-19 09:15:27','2012-07-19 09:15:27'),(3,'http://www.ipc.me/olympic-high-tech-equipments.html','2012-07-19 09:15:27','2012-07-19 09:15:27'),(4,'http://www.ipc.me/olympic-high-tech-equipment.html','2012-07-19 09:15:27','2012-07-19 09:15:27'),(5,'http://www.ipc.me/tag/3d','2012-07-19 09:15:27','2012-07-19 09:15:27'),(6,'http://blog.caijing.com.cn/expert.shtml','2012-08-14 01:53:03','2012-08-14 01:53:03');
/*!40000 ALTER TABLE `links` ENABLE KEYS */;
UNLOCK TABLES;

--
-- Table structure for table `lists`
--

DROP TABLE IF EXISTS `lists`;
SET @saved_cs_client     = @@character_set_client;
SET character_set_client = utf8;
CREATE TABLE `lists` (
  `id` int(11) NOT NULL auto_increment,
  `name` varchar(255) collate utf8_unicode_ci default NULL,
  `created_at` datetime NOT NULL,
  `updated_at` datetime NOT NULL,
  PRIMARY KEY  (`id`)
) ENGINE=InnoDB AUTO_INCREMENT=4 DEFAULT CHARSET=utf8 COLLATE=utf8_unicode_ci;
SET character_set_client = @saved_cs_client;

--
-- Dumping data for table `lists`
--

LOCK TABLES `lists` WRITE;
/*!40000 ALTER TABLE `lists` DISABLE KEYS */;
INSERT INTO `lists` VALUES (1,'eric','2012-06-27 02:42:00','2012-06-27 02:42:00'),(2,'albert','2012-06-29 06:34:53','2012-07-11 02:50:02'),(3,'eric_test','2012-08-06 02:09:27','2012-08-06 02:09:27');
/*!40000 ALTER TABLE `lists` ENABLE KEYS */;
UNLOCK TABLES;

--
-- Table structure for table `lists_members`
--

DROP TABLE IF EXISTS `lists_members`;
SET @saved_cs_client     = @@character_set_client;
SET character_set_client = utf8;
CREATE TABLE `lists_members` (
  `id` int(11) NOT NULL auto_increment,
  `list_id` int(11) default NULL,
  `member_id` int(11) default NULL,
  `created_at` datetime NOT NULL,
  `updated_at` datetime NOT NULL,
  `week_number` int(11) default '3',
  PRIMARY KEY  (`id`)
) ENGINE=InnoDB AUTO_INCREMENT=84 DEFAULT CHARSET=utf8 COLLATE=utf8_unicode_ci;
SET character_set_client = @saved_cs_client;

--
-- Dumping data for table `lists_members`
--

LOCK TABLES `lists_members` WRITE;
/*!40000 ALTER TABLE `lists_members` DISABLE KEYS */;
INSERT INTO `lists_members` VALUES (1,1,1,'2012-07-30 16:21:49','2012-07-30 16:21:49',3),(5,2,5,'2012-07-30 16:21:49','2012-07-30 16:21:49',3),(6,2,6,'2012-07-30 16:21:49','2012-07-30 16:21:49',3),(7,2,7,'2012-07-30 16:21:49','2012-07-30 16:21:49',3),(8,2,8,'2012-07-30 16:21:49','2012-07-30 16:21:49',3),(9,2,9,'2012-07-30 16:21:49','2012-07-30 16:21:49',3),(10,2,10,'2012-07-30 16:21:49','2012-07-30 16:21:49',3),(11,2,11,'2012-07-30 16:21:49','2012-07-30 16:21:49',3),(12,2,12,'2012-07-30 16:21:49','2012-07-30 16:21:49',3),(13,2,13,'2012-07-30 16:21:49','2012-07-30 16:21:49',3),(14,2,14,'2012-07-30 16:21:49','2012-07-30 16:21:49',3),(15,2,15,'2012-07-30 16:21:49','2012-07-30 16:21:49',3),(16,2,16,'2012-07-30 16:21:49','2012-07-30 16:21:49',3),(17,2,17,'2012-07-30 16:21:49','2012-07-30 16:21:49',3),(18,2,18,'2012-07-30 16:21:49','2012-07-30 16:21:49',3),(19,2,19,'2012-07-30 16:21:49','2012-07-30 16:21:49',3),(20,2,20,'2012-07-30 16:21:49','2012-07-30 16:21:49',3),(21,2,21,'2012-07-30 16:21:49','2012-07-30 16:21:49',3),(22,2,22,'2012-07-30 16:21:49','2012-07-30 16:21:49',3),(23,2,23,'2012-07-30 16:21:49','2012-07-30 16:21:49',3),(24,2,24,'2012-07-30 16:21:49','2012-07-30 16:21:49',3),(25,2,25,'2012-07-30 16:21:49','2012-07-30 16:21:49',3),(26,2,26,'2012-07-30 16:21:49','2012-07-30 16:21:49',3),(27,2,27,'2012-07-30 16:21:49','2012-07-30 16:21:49',3),(28,2,28,'2012-07-30 16:21:49','2012-07-30 16:21:49',3),(29,2,29,'2012-07-30 16:21:49','2012-07-30 16:21:49',3),(30,2,30,'2012-07-30 16:21:49','2012-07-30 16:21:49',3),(31,2,31,'2012-07-30 16:21:49','2012-07-30 16:21:49',3),(32,2,32,'2012-07-30 16:21:49','2012-07-30 16:21:49',3),(33,2,33,'2012-07-30 16:21:49','2012-07-30 16:21:49',3),(34,2,34,'2012-07-30 16:21:49','2012-07-30 16:21:49',3),(35,2,35,'2012-07-30 16:21:49','2012-07-30 16:21:49',3),(36,2,36,'2012-07-30 16:21:49','2012-07-30 16:21:49',3),(37,2,37,'2012-07-30 16:21:49','2012-07-30 16:21:49',3),(38,2,38,'2012-07-30 16:21:49','2012-07-30 16:21:49',3),(39,2,39,'2012-07-30 16:21:49','2012-07-30 16:21:49',3),(40,2,40,'2012-07-30 16:21:49','2012-07-30 16:21:49',3),(41,2,41,'2012-07-30 16:21:49','2012-07-30 16:21:49',3),(42,2,42,'2012-07-30 16:21:49','2012-07-30 16:21:49',3),(43,2,43,'2012-07-30 16:21:49','2012-07-30 16:21:49',3),(44,2,44,'2012-07-30 16:21:49','2012-07-30 16:21:49',3),(45,2,45,'2012-07-30 16:21:49','2012-07-30 16:21:49',3),(46,2,46,'2012-07-30 16:21:49','2012-07-30 16:21:49',3),(47,2,47,'2012-07-30 16:21:49','2012-07-30 16:21:49',3),(48,2,48,'2012-07-30 16:21:49','2012-07-30 16:21:49',3),(49,2,49,'2012-07-30 16:21:49','2012-07-30 16:21:49',3),(50,2,50,'2012-07-30 16:21:49','2012-07-30 16:21:49',3),(51,2,51,'2012-07-30 16:21:49','2012-07-30 16:21:49',3),(54,1,55,'2012-07-31 04:27:05','2012-07-31 04:27:05',3),(55,1,74,'2012-07-31 05:43:35','2012-07-31 05:43:35',3),(79,1,79,'2012-07-31 07:49:21','2012-07-31 07:49:21',3),(81,1,84,'2012-07-31 09:08:01','2012-07-31 09:08:01',3),(83,3,55,'2012-08-06 04:06:38','2012-08-06 04:06:38',NULL);
/*!40000 ALTER TABLE `lists_members` ENABLE KEYS */;
UNLOCK TABLES;

--
-- Table structure for table `members`
--

DROP TABLE IF EXISTS `members`;
SET @saved_cs_client     = @@character_set_client;
SET character_set_client = utf8;
CREATE TABLE `members` (
  `id` int(11) NOT NULL auto_increment,
  `name` varchar(255) collate utf8_unicode_ci default NULL,
  `email` varchar(255) collate utf8_unicode_ci default NULL,
  `created_at` datetime NOT NULL,
  `updated_at` datetime NOT NULL,
  `week_number` int(11) default NULL,
  `type_email` int(11) default '1',
  PRIMARY KEY  (`id`)
) ENGINE=InnoDB AUTO_INCREMENT=85 DEFAULT CHARSET=utf8 COLLATE=utf8_unicode_ci;
SET character_set_client = @saved_cs_client;

--
-- Dumping data for table `members`
--

LOCK TABLES `members` WRITE;
/*!40000 ALTER TABLE `members` DISABLE KEYS */;
INSERT INTO `members` VALUES (1,'eric_yue','yueyiwhb@gmail.com','2012-06-27 02:42:29','2012-07-19 08:39:26',NULL,1),(5,'alber_li3@126.com','alber_li3@126.com','2012-07-13 02:49:16','2012-07-30 08:50:19',NULL,1),(6,'alber_li5@126.com','alber_li5@126.com','2012-07-13 02:49:33','2012-07-13 02:49:33',NULL,1),(7,'alber_li6@126.com','alber_li6@126.com','2012-07-13 02:49:49','2012-07-13 02:49:49',NULL,1),(8,'alber_li7@126.com','alber_li7@126.com','2012-07-13 02:50:04','2012-07-13 02:50:04',NULL,1),(9,'alber_li8@126.com','alber_li8@126.com','2012-07-13 02:50:21','2012-07-13 02:50:21',NULL,1),(10,'alber_li9@126.com','alber_li9@126.com','2012-07-13 02:50:36','2012-07-13 02:50:36',NULL,1),(11,'alber_li10@126.com','alber_li10@126.com','2012-07-13 02:52:00','2012-07-13 02:52:00',NULL,1),(12,'alber_li11@126.com','alber_li11@126.com','2012-07-13 02:52:20','2012-07-13 02:52:20',NULL,1),(13,'alber_li12@126.com','alber_li12@126.com','2012-07-13 02:52:34','2012-07-13 02:52:34',NULL,1),(14,'alber_li13@126.com','alber_li13@126.com','2012-07-13 02:52:51','2012-07-13 02:52:51',NULL,1),(15,'alber_li14@126.com','alber_li14@126.com','2012-07-13 02:53:03','2012-07-13 02:53:03',NULL,1),(16,'alber_li15@126.com','alber_li15@126.com','2012-07-13 02:53:16','2012-07-13 02:53:30',NULL,1),(17,'alber_li16@126.com','alber_li16@126.com','2012-07-13 02:53:41','2012-07-13 02:53:41',NULL,1),(18,'alber_li17@126.com','alber_li17@126.com','2012-07-13 02:53:57','2012-07-13 02:53:57',NULL,1),(19,'alber_li18@126.com','alber_li18@126.com','2012-07-13 02:54:10','2012-07-13 02:54:10',NULL,1),(20,'alber_li19@126.com','alber_li19@126.com','2012-07-13 02:54:21','2012-07-13 02:54:21',NULL,1),(21,'alber_li20@126.com','alber_li20@126.com','2012-07-13 02:54:33','2012-07-13 02:54:33',NULL,1),(22,'alber_li21@126.com','alber_li21@126.com','2012-07-13 03:01:39','2012-07-13 03:01:39',NULL,1),(23,'alber_li22@126.com','alber_li22@126.com','2012-07-13 03:02:06','2012-07-13 03:02:06',NULL,1),(24,'alber_li23@126.com','alber_li23@126.com','2012-07-13 03:02:18','2012-07-13 03:02:18',NULL,1),(25,'alber_li24@126.com','alber_li24@126.com','2012-07-13 03:02:29','2012-07-13 03:02:29',NULL,1),(26,'alber_li25@126.com','alber_li25@126.com','2012-07-13 03:02:46','2012-07-13 03:02:46',NULL,1),(27,'alber_li26@126.com','alber_li26@126.com','2012-07-13 03:02:57','2012-07-13 03:02:57',NULL,1),(28,'alber_li27@126.com','alber_li27@126.com','2012-07-13 03:03:13','2012-07-13 03:03:13',NULL,1),(29,'alber_li28@126.com','alber_li28@126.com','2012-07-13 03:03:32','2012-07-13 03:03:32',NULL,1),(30,'alber_li29@126.com','alber_li29@126.com','2012-07-13 03:03:48','2012-07-13 03:03:48',NULL,1),(31,'alber_li4@126.com','alber_li4@126.com','2012-07-13 03:04:31','2012-07-13 03:04:31',NULL,1),(32,'alber_li30@126.com','alber_li30@126.com','2012-07-13 03:04:50','2012-07-13 03:04:50',NULL,1),(33,'alber_li31@126.com','alber_li31@126.com','2012-07-13 03:08:03','2012-07-13 03:08:03',NULL,1),(34,'alber_li32@126.com','alber_li32@126.com','2012-07-13 03:08:14','2012-07-13 03:08:14',NULL,1),(35,'alber_li33@126.com','alber_li33@126.com','2012-07-13 03:08:25','2012-07-13 03:08:25',NULL,1),(36,'alber_li34@126.com','alber_li34@126.com','2012-07-13 03:08:38','2012-07-13 03:08:38',NULL,1),(37,'alber_li35@126.com','alber_li35@126.com','2012-07-13 03:08:50','2012-07-13 03:08:50',NULL,1),(38,'alber_li36@126.com','alber_li36@126.com','2012-07-13 03:09:05','2012-07-13 03:09:05',NULL,1),(39,'alber_li37@126.com','alber_li37@126.com','2012-07-13 03:09:43','2012-07-13 03:09:43',NULL,1),(40,'alber_li38@126.com','alber_li38@126.com','2012-07-13 03:09:55','2012-07-13 03:09:55',NULL,1),(41,'alber_li39@126.com','alber_li39@126.com','2012-07-13 03:10:05','2012-07-13 03:10:05',NULL,1),(42,'alber_li40@126.com','alber_li40@126.com','2012-07-13 03:10:18','2012-07-13 03:10:18',NULL,1),(43,'alber_li41@126.com','alber_li41@126.com','2012-07-13 03:10:29','2012-07-13 03:10:29',NULL,1),(44,'alber_li42@126.com','alber_li42@126.com','2012-07-13 03:10:44','2012-07-13 03:10:44',NULL,1),(45,'alber_li43@126.com','alber_li43@126.com','2012-07-13 03:10:56','2012-07-13 03:10:56',NULL,1),(46,'alber_li44@126.com','alber_li44@126.com','2012-07-13 03:11:09','2012-07-13 03:11:09',NULL,1),(47,'alber_li45@126.com','alber_li45@126.com','2012-07-13 03:12:05','2012-07-13 03:12:05',NULL,1),(48,'alber_li46@126.com','alber_li46@126.com','2012-07-13 03:12:23','2012-07-13 03:12:23',NULL,1),(49,'alber_li47@126.com','alber_li47@126.com','2012-07-13 03:12:36','2012-07-13 03:12:36',NULL,1),(50,'alber_li48@126.com','alber_li48@126.com','2012-07-13 03:12:58','2012-07-13 03:12:58',NULL,1),(51,'alber_li49@126.com','alber_li49@126.com','2012-07-13 03:13:18','2012-07-13 03:13:18',NULL,1),(55,'123@126.com','123@126.com','2012-07-31 04:16:11','2012-07-31 04:16:11',NULL,1),(74,'1234@126.com','1234@126.com','2012-07-31 05:43:35','2012-07-31 05:43:35',NULL,1),(79,'dddd','ddddd','2012-07-31 07:01:24','2012-07-31 07:01:24',NULL,1),(84,'1234@126.com','12345@126.com','2012-07-31 09:08:01','2012-07-31 09:08:01',NULL,1);
/*!40000 ALTER TABLE `members` ENABLE KEYS */;
UNLOCK TABLES;

--
-- Table structure for table `schema_migrations`
--

DROP TABLE IF EXISTS `schema_migrations`;
SET @saved_cs_client     = @@character_set_client;
SET character_set_client = utf8;
CREATE TABLE `schema_migrations` (
  `version` varchar(255) collate utf8_unicode_ci NOT NULL,
  UNIQUE KEY `unique_schema_migrations` (`version`)
) ENGINE=InnoDB DEFAULT CHARSET=utf8 COLLATE=utf8_unicode_ci;
SET character_set_client = @saved_cs_client;

--
-- Dumping data for table `schema_migrations`
--

LOCK TABLES `schema_migrations` WRITE;
/*!40000 ALTER TABLE `schema_migrations` DISABLE KEYS */;
INSERT INTO `schema_migrations` VALUES ('20120513154439'),('20120513154556'),('20120516032549'),('20120516032648'),('20120516035117'),('20120518114231'),('20120524153406'),('20120524153415'),('20120524153423'),('20120526030639'),('20120730081839'),('20120809011407'),('20120809024803'),('20120809100241'),('20120810040331'),('20120810113730'),('20120814043625');
/*!40000 ALTER TABLE `schema_migrations` ENABLE KEYS */;
UNLOCK TABLES;

--
-- Table structure for table `send_states`
--

DROP TABLE IF EXISTS `send_states`;
SET @saved_cs_client     = @@character_set_client;
SET character_set_client = utf8;
CREATE TABLE `send_states` (
  `id` int(11) NOT NULL auto_increment,
  `total_address_number` int(11) default NULL,
  `effective_operand_address` int(11) default NULL,
  `has_sent_number` int(11) default NULL,
  `send_ratio` float default NULL,
  `reach_number` int(11) default NULL,
  `reach_ratio` float default NULL,
  `open_number` int(11) default NULL,
  `open_ratio` float default NULL,
  `be_hits_number` int(11) default NULL,
  `be_hits_ratio` float default NULL,
  `created_at` datetime NOT NULL,
  `updated_at` datetime NOT NULL,
  PRIMARY KEY  (`id`)
) ENGINE=InnoDB AUTO_INCREMENT=20 DEFAULT CHARSET=utf8 COLLATE=utf8_unicode_ci;
SET character_set_client = @saved_cs_client;

--
-- Dumping data for table `send_states`
--

LOCK TABLES `send_states` WRITE;
/*!40000 ALTER TABLE `send_states` DISABLE KEYS */;
INSERT INTO `send_states` VALUES (19,52,52,0,0,0,0,1,0,2,0,'2012-08-21 07:21:09','2012-08-21 07:21:09');
/*!40000 ALTER TABLE `send_states` ENABLE KEYS */;
UNLOCK TABLES;

--
-- Table structure for table `sendmail_log_numbers`
--

DROP TABLE IF EXISTS `sendmail_log_numbers`;
SET @saved_cs_client     = @@character_set_client;
SET character_set_client = utf8;
CREATE TABLE `sendmail_log_numbers` (
  `id` int(11) NOT NULL auto_increment,
  `number_log` int(11) default NULL,
  `created_at` datetime NOT NULL,
  `updated_at` datetime NOT NULL,
  PRIMARY KEY  (`id`)
) ENGINE=InnoDB AUTO_INCREMENT=25 DEFAULT CHARSET=utf8 COLLATE=utf8_unicode_ci;
SET character_set_client = @saved_cs_client;

--
-- Dumping data for table `sendmail_log_numbers`
--

LOCK TABLES `sendmail_log_numbers` WRITE;
/*!40000 ALTER TABLE `sendmail_log_numbers` DISABLE KEYS */;
INSERT INTO `sendmail_log_numbers` VALUES (12,869,'2012-08-14 08:40:26','2012-08-14 08:47:55'),(14,996,'2012-08-20 03:02:04','2012-08-21 07:21:07'),(24,869,'2012-08-21 07:21:07','2012-08-21 07:21:07');
/*!40000 ALTER TABLE `sendmail_log_numbers` ENABLE KEYS */;
UNLOCK TABLES;

--
-- Table structure for table `sendmail_logs`
--

DROP TABLE IF EXISTS `sendmail_logs`;
SET @saved_cs_client     = @@character_set_client;
SET character_set_client = utf8;
CREATE TABLE `sendmail_logs` (
  `id` int(11) NOT NULL auto_increment,
  `send_date` datetime default NULL,
  `course_id` varchar(255) collate utf8_unicode_ci default NULL,
  `type_email` varchar(255) collate utf8_unicode_ci default NULL,
  `from_email` varchar(255) collate utf8_unicode_ci default NULL,
  `to_email` varchar(255) collate utf8_unicode_ci default NULL,
  `title_email` varchar(255) collate utf8_unicode_ci default NULL,
  `tf_email` varchar(255) collate utf8_unicode_ci default NULL,
  `test1` varchar(255) collate utf8_unicode_ci default NULL,
  `test2` varchar(255) collate utf8_unicode_ci default NULL,
  `coding_email` varchar(255) collate utf8_unicode_ci default NULL,
  `created_at` datetime NOT NULL,
  `updated_at` datetime NOT NULL,
  PRIMARY KEY  (`id`)
) ENGINE=InnoDB AUTO_INCREMENT=5866 DEFAULT CHARSET=utf8 COLLATE=utf8_unicode_ci;
SET character_set_client = @saved_cs_client;

--
-- Dumping data for table `sendmail_logs`
--

LOCK TABLES `sendmail_logs` WRITE;
/*!40000 ALTER TABLE `sendmail_logs` DISABLE KEYS */;
INSERT INTO `sendmail_logs` VALUES (5363,'2012-08-01 16:04:33','29714-5019538F.000ABEE8','Mail.RL ','3GlMZUA0JBasNZgPcNSPYmomuRXLTW.NZXdLcLSXjiTPbf.NZX@calendar-server.bounces.google.com','sarah@myxiequ.com','已拒絕：【面试】开幕活动主持人1名、礼仪1名 @ 2012-08-06 (週一) 上午11點 - 下午12點 (sarah)/11981','OK',NULL,'MGHAM-compute_score-2','utf-8\n','2012-08-21 07:21:05','2012-08-21 07:21:05'),(5364,'2012-08-01 16:09:52','29722-501954CD.000D3FE3','Mail.RL ','coverchen1319@gmail.com','gavin@myxiequ.com','Re: 答复: 关于EMS的合同问题/25148','OK',NULL,'MGHAM-compute_score-2','utf-8\n','2012-08-21 07:21:05','2012-08-21 07:21:05'),(5365,'2012-08-01 16:13:08','29722-50195592.000562C3','Mail.RL ','276487547+auto_=wangguang=myxiequ.com@qq.com','wangguang@myxiequ.com','商品专员绩效考核标准/25981','OK','@.spam/KCLI18ST','MGSPAM-compute_score-51','utf-8\n','2012-08-21 07:21:05','2012-08-21 07:21:05'),(5366,'2012-08-01 16:20:07','29722-50195734.00026A61','Mail.RL ','curricula@2mail2world.com','young@myxiequ.com','工商管理高级研修153275/9873','OK','@.spam/NPLI18T1','MGSPAM-commtouch-51','utf-8\n','2012-08-21 07:21:05','2012-08-21 07:21:05'),(5367,'2012-08-01 16:21:22','29555-50195781.00094530','Mail.RL ','nagios@localhost.localdomain','shaozhihu@myxiequ.com','** PROBLEM Host Alert: winserver is DOWN **/864','OK',NULL,'MGPASS--40','utf-8\n','2012-08-21 07:21:05','2012-08-21 07:21:05'),(5368,'2012-08-01 16:24:45','29722-50195846.000A6FE2','Mail.RL ','service@mail.alipay.com','finance@myxiequ.com','交易状态已改变为：交易成功/9548','OK',NULL,'MGHAM-header_match_any-40','utf-8\n','2012-08-21 07:21:05','2012-08-21 07:21:05'),(5369,'2012-08-01 16:28:14','29711-50195915.000565A4','Mail.RL ','delivery@mx.sailthru.com','ivan@myxiequ.com','Hand-Knitted Poufs. State-Shaped Pendants. Bird-Shaped Smoke Detector. Compelling Kitchenware. Striped Throws & Pillows. Printed AIDS Quilt Panels. Wine Barrel Concepts. Killer Boots. iPhone Handsets & Cases. Vibrant Scarves./86819','OK','@.spam/U8MI18HS','MGSPAM-commtouch-2','utf-8\n','2012-08-21 07:21:05','2012-08-21 07:21:05'),(5370,'2012-08-01 16:30:48','29714-501959B3.00020547','Mail.RL ','coverchen1319@gmail.com','gavin@myxiequ.com','Re: 新版网站开启内测/13568','OK',NULL,'MGHAM-compute_score-2','utf-8\n','2012-08-21 07:21:05','2012-08-21 07:21:05'),(5371,'2012-08-01 16:47:31','29662-50195DA2.000579FB','Mail.RL ','qf@schinfront.com','young@myxiequ.com','国学商|道总|裁研|修/18508','OK','@.spam/3DNI183Q','MGSPAM-commtouch-51','utf-8\n','2012-08-21 07:21:05','2012-08-21 07:21:05'),(5372,'2012-08-01 16:51:23','29698-50195E89.0007C036','Mail.RL ','nagios@localhost.localdomain','shaozhihu@myxiequ.com','** PROBLEM Host Alert: winserver is DOWN **/864','OK',NULL,'MGPASS--40','utf-8\n','2012-08-21 07:21:05','2012-08-21 07:21:05'),(5373,'2012-08-01 16:55:16','29723-50195F71.0009A6B0','Mail.RL ','return-to@edm.paixie-market.net','ivan@myxiequ.com','拍鞋网助威奥运 最高抵80元现金券狂送 即领即用/27768','OK',NULL,'MGHAM-compute_score-2','utf-8\n','2012-08-21 07:21:05','2012-08-21 07:21:05'),(5374,'2012-08-01 16:57:29','29766-50195FF5.0002F5AF','Mail.RL ','coverchen1319@gmail.com','ivan@myxiequ.com','Re: 员工手册修改意见反馈/22126','OK',NULL,'MGHAM-compute_score-2','utf-8\n','2012-08-21 07:21:05','2012-08-21 07:21:05'),(5375,'2012-08-01 16:57:29','29766-50195FF5.0002F5AF','Mail.RL ','coverchen1319@gmail.com','michael@myxiequ.com','Re: 员工手册修改意见反馈/22126','OK',NULL,'MGHAM-compute_score-2','utf-8\n','2012-08-21 07:21:05','2012-08-21 07:21:05'),(5376,'2012-08-01 16:57:29','29766-50195FF5.0002F5AF','Mail.RL ','coverchen1319@gmail.com','gavin@myxiequ.com','Re: 员工手册修改意见反馈/22126','OK',NULL,'MGHAM-compute_score-2','utf-8\n','2012-08-21 07:21:05','2012-08-21 07:21:05'),(5377,'2012-08-01 16:57:29','29766-50195FF5.0002F5AF','Mail.RL ','coverchen1319@gmail.com','young@myxiequ.com','Re: 员工手册修改意见反馈/22126','OK',NULL,'MGHAM-compute_score-2','utf-8\n','2012-08-21 07:21:05','2012-08-21 07:21:05'),(5378,'2012-08-01 17:08:55','29714-501962A4.000E1958','Mail.RL ','hualang@vip.sohu.com','service@myxiequ.com','名片的使用；   -qkbw5/1396','OK','@.spam/7LOI1817','MGSPAM-commtouch-40','utf-8\n','2012-08-21 07:21:05','2012-08-21 07:21:05'),(5379,'2012-08-01 17:15:33','6940-50196432.000439BA','Mail.RL ','master@2c-associes.com','service@myxiequ.com','企1业白领核心办1公技8能v提cv升/2058','OK','@.spam/L1PI18VJ','MGSPAM-commtouch-2','utf-8\n','2012-08-21 07:21:05','2012-08-21 07:21:05'),(5380,'2012-08-01 17:18:03','6983-501964C9.0004F276','Mail.RL ','hrinfo@gongrendq.com','service@myxiequ.com','屈臣氏（Watsons Water）南中国区销售经理主讲48/7015','OK','@.spam/B6PI18FG','MGSPAM-commtouch-2','utf-8\n','2012-08-21 07:21:05','2012-08-21 07:21:05'),(5381,'2012-08-01 17:21:26','6983-50196595.0001DD7D','Mail.RL ','nagios@localhost.localdomain','shaozhihu@myxiequ.com','** PROBLEM Host Alert: winserver is DOWN **/864','OK',NULL,'MGPASS--40','utf-8\n','2012-08-21 07:21:05','2012-08-21 07:21:05'),(5382,'2012-08-01 17:51:23','6983-50196C99.000BE657','Mail.RL ','nagios@localhost.localdomain','shaozhihu@myxiequ.com','** PROBLEM Host Alert: winserver is DOWN **/864','OK',NULL,'MGPASS--40','utf-8\n','2012-08-21 07:21:05','2012-08-21 07:21:05'),(5383,'2012-08-01 18:00:50','6939-50196ED1.0009A3B7','Mail.RL ',NULL,'jessie@myxiequ.com','垃圾信拦截明细列表.html/13634','OK',NULL,'MGHAM--0','utf-8\n','2012-08-21 07:21:05','2012-08-21 07:21:05'),(5384,'2012-08-01 18:00:50','6978-50196ED1.000749D7','Mail.RL ',NULL,'grace@myxiequ.com','垃圾信拦截明细列表.html/13622','OK',NULL,'MGHAM--0','utf-8\n','2012-08-21 07:21:05','2012-08-21 07:21:05'),(5385,'2012-08-01 18:00:50','6900-50196ED2.00027CF2','Mail.RL ',NULL,'wangguang@myxiequ.com','垃圾信拦截明细列表.html/13698','OK',NULL,'MGHAM--0','utf-8\n','2012-08-21 07:21:05','2012-08-21 07:21:05'),(5386,'2012-08-01 18:00:50','6979-50196ED2.00014DB8','Mail.RL ',NULL,'tomwang@myxiequ.com','垃圾信拦截明细列表.html/17248','OK',NULL,'MGHAM--0','utf-8\n','2012-08-21 07:21:05','2012-08-21 07:21:05'),(5387,'2012-08-01 18:00:50','6924-50196ED2.0002D6C4','Mail.RL ',NULL,'wendy@myxiequ.com','垃圾信拦截明细列表.html/13624','OK',NULL,'MGHAM--0','utf-8\n','2012-08-21 07:21:05','2012-08-21 07:21:05'),(5388,'2012-08-01 18:00:50','6923-50196ED1.00088937','Mail.RL ',NULL,'ivan@myxiequ.com','垃圾信攔截明細列表/23976','OK',NULL,'MGHAM--0','utf-8\n','2012-08-21 07:21:06','2012-08-21 07:21:06'),(5389,'2012-08-01 18:00:50','6915-50196ED2.0003F7C2','Mail.RL ',NULL,'young@myxiequ.com','垃圾信拦截明细列表.html/20312','OK',NULL,'MGHAM--0','utf-8\n','2012-08-21 07:21:06','2012-08-21 07:21:06'),(5390,'2012-08-01 18:00:50','6936-50196ED1.000F22CD','Mail.RL ',NULL,'service@myxiequ.com','垃圾信拦截明细列表.html/26414','OK',NULL,'MGHAM--0','utf-8\n','2012-08-21 07:21:06','2012-08-21 07:21:06'),(5391,'2012-08-01 18:19:56','11807-5019734B.000B7A63','Mail.RL ','firestone@jewishjournal.com','young@myxiequ.com','私募投|资与资|本运营/9449','OK','@.spam/CQSI188B','MGSPAM-commtouch-51','utf-8\n','2012-08-21 07:21:06','2012-08-21 07:21:06'),(5392,'2012-08-01 18:21:25','11800-501973A1.0009799E','Mail.RL ','nagios@localhost.localdomain','shaozhihu@myxiequ.com','** PROBLEM Host Alert: winserver is DOWN **/864','OK',NULL,'MGPASS--40','utf-8\n','2012-08-21 07:21:06','2012-08-21 07:21:06'),(5393,'2012-08-01 18:27:45','11807-50197520.00002416','Mail.RL ','hello@t.groupon.com.tw','ivan@myxiequ.com','飲茶吃到飽 / 土鳳梨酥 / 嫁接睫毛 / 韓式石鍋拌飯/24379','OK',NULL,'MGHAM-header_match_any-40','utf-8\n','2012-08-21 07:21:06','2012-08-21 07:21:06'),(5394,'2012-08-01 18:29:05','11796-5019756B.0001B57F','Mail.RL ','resume@quickmail.51job.com','sarah@myxiequ.com','(51job.com)申请贵公司体验店店长（上海-徐汇区）－蒋清泉 /267915','OK',NULL,'MGHAM-compute_score-2','utf-8\n','2012-08-21 07:21:06','2012-08-21 07:21:06'),(5395,'2012-08-01 18:40:38','11804-50197824.000175A8','Mail.RL ','buesfying@zgxcpa.com','young@myxiequ.com','2天1夜→ 超火爆特训→ 如何成为顶尖销售人才？/8225','OK','@.spam/61UI18J3','MGSPAM-commtouch-51','utf-8\n','2012-08-21 07:21:06','2012-08-21 07:21:06'),(5396,'2012-08-01 18:51:25','11800-50197AA9.0007E377','Mail.RL ','nagios@localhost.localdomain','shaozhihu@myxiequ.com','** PROBLEM Host Alert: winserver is DOWN **/864','OK',NULL,'MGPASS--40','utf-8\n','2012-08-21 07:21:06','2012-08-21 07:21:06'),(5397,'2012-08-01 19:04:16','11804-50197DAE.000F1CC5','Mail.RL ','hello@t.groupon.com.tw','ivan@myxiequ.com','異國饗宴料理 / 竹筴魚一夜干 / 復古時尚觸控LED手錶 / 誓言真鑚情侶對戒/101714','OK',NULL,'MGHAM-header_match_any-40','utf-8\n','2012-08-21 07:21:06','2012-08-21 07:21:06'),(5398,'2012-08-01 19:17:45','16727-501980D5.00017054','Mail.RL ','service@account.99bill.com','finance@myxiequ.com','快钱对账单(99bill_资金日汇总表（按交易类型）_2012-08-01)/9634','OK',NULL,'MGHAM-compute_score-2','utf-8\n','2012-08-21 07:21:06','2012-08-21 07:21:06'),(5399,'2012-08-01 19:21:23','16727-501981B1.0007BA5F','Mail.RL ','nagios@localhost.localdomain','shaozhihu@myxiequ.com','** PROBLEM Host Alert: winserver is DOWN **/864','OK',NULL,'MGPASS--40','utf-8\n','2012-08-21 07:21:06','2012-08-21 07:21:06'),(5400,'2012-08-01 19:42:17','16523-50198696.000E2AA3','Mail.RL ','13926442829@auuks.com','tomwang@myxiequ.com','① 新上任主管/经理：如何成为优秀的领导人? ①/8512','OK','@.spam/PK1J18RL','MGSPAM-commtouch-2','utf-8\n','2012-08-21 07:21:06','2012-08-21 07:21:06'),(5401,'2012-08-01 19:51:23','16523-501988B9.00071122','Mail.RL ','nagios@localhost.localdomain','shaozhihu@myxiequ.com','** PROBLEM Host Alert: winserver is DOWN **/864','OK',NULL,'MGPASS--40','utf-8\n','2012-08-21 07:21:06','2012-08-21 07:21:06'),(5402,'2012-08-01 20:02:07','16667-50198B3B.000BF87D','Mail.LL ','root@mg.myxiequ.com','root@myxiequ.com','Logwatch for mg.myxiequ.com (Linux)/4231','FAIL 550 User (root@myxiequ.com) unknown.',NULL,'MGHAM--0','utf-8\n','2012-08-21 07:21:06','2012-08-21 07:21:06'),(5403,'2012-08-01 20:02:07','16696-50198B3F.0007C5F9','Mail.RL ',NULL,'root@mg.myxiequ.com','Returned Mail: 550 User (root@myxiequ.com) unknown./4933','FAIL User unknown',NULL,'MGHAM--0','utf-8\n','2012-08-21 07:21:06','2012-08-21 07:21:06'),(5404,'2012-08-01 20:16:39','21792-50198EA3.000CB617','Mail.RL ','resume@quickmail.51job.com','grace@myxiequ.com','(51job.com)申请贵公司市场企划专员（上海-普陀区）－武利荣 /77551','OK',NULL,'MGHAM-compute_score-2','utf-8\n','2012-08-21 07:21:06','2012-08-21 07:21:06'),(5405,'2012-08-01 20:21:23','21997-50198FC1.00069BBD','Mail.RL ','nagios@localhost.localdomain','shaozhihu@myxiequ.com','** PROBLEM Host Alert: winserver is DOWN **/864','OK',NULL,'MGPASS--40','utf-8\n','2012-08-21 07:21:06','2012-08-21 07:21:06'),(5406,'2012-08-01 20:30:21','21953-501991DB.0004D640','Mail.RL ','cxtyjiqg@nbxoo.net','service@myxiequ.com','【阀门快讯】专业提供蝶阀、闸阀、截止阀、止回阀、球阀、调节阀等产品及选型方案/4410','OK','@.spam/TE4J18PV','MGSPAM-commtouch-2','utf-8\n','2012-08-21 07:21:06','2012-08-21 07:21:06'),(5407,'2012-08-01 20:51:24','21953-501996C9.0002F518','Mail.RL ','nagios@localhost.localdomain','shaozhihu@myxiequ.com','** PROBLEM Host Alert: winserver is DOWN **/864','OK',NULL,'MGPASS--40','utf-8\n','2012-08-21 07:21:06','2012-08-21 07:21:06'),(5408,'2012-08-01 20:51:58','21945-501996ED.0003F122','Mail.RL ','konor@pakingtape.com','angela@myxiequ.com','^-^ _如何_激活_强大_营销_团队_ ^-^/11036','OK','@.spam/EN5J189D','MGSPAM-commtouch-51','utf-8\n','2012-08-21 07:21:06','2012-08-21 07:21:06'),(5409,'2012-08-01 21:21:22','26902-50199DD1.00059316','Mail.RL ','nagios@localhost.localdomain','shaozhihu@myxiequ.com','** PROBLEM Host Alert: winserver is DOWN **/864','OK',NULL,'MGPASS--40','utf-8\n','2012-08-21 07:21:06','2012-08-21 07:21:06'),(5410,'2012-08-01 21:43:56','26902-5019A31B.000E037B','Mail.RL ','E-mailzxq5@vgf.com.cn','young@myxiequ.com','国内最好(EMBA)总裁研修/10433','OK','@.spam/SO8J189I','MGSPAM-commtouch-51','utf-8\n','2012-08-21 07:21:06','2012-08-21 07:21:06'),(5411,'2012-08-01 21:51:24','26902-5019A4D9.000455F3','Mail.RL ','nagios@localhost.localdomain','shaozhihu@myxiequ.com','** PROBLEM Host Alert: winserver is DOWN **/864','OK',NULL,'MGPASS--40','utf-8\n','2012-08-21 07:21:06','2012-08-21 07:21:06'),(5412,'2012-08-01 22:21:27','31669-5019ABE6.00053654','Mail.RL ','nagios@localhost.localdomain','shaozhihu@myxiequ.com','** PROBLEM Host Alert: winserver is DOWN **/864','OK',NULL,'MGPASS--40','utf-8\n','2012-08-21 07:21:06','2012-08-21 07:21:06'),(5413,'2012-08-01 22:34:10','31669-5019AEE0.000C87D4','Mail.RL ','sinocast@wantaicn.com','grace@myxiequ.com','^-^ _如何_激活_强大_营销_团队_ ^-^/11038','OK','@.spam/2NBJ18H0','MGSPAM-commtouch-51','utf-8\n','2012-08-21 07:21:06','2012-08-21 07:21:06'),(5414,'2012-08-01 22:51:27','31669-5019B2EC.0005A20C','Mail.RL ','nagios@localhost.localdomain','shaozhihu@myxiequ.com','** PROBLEM Host Alert: winserver is DOWN **/864','OK',NULL,'MGPASS--40','utf-8\n','2012-08-21 07:21:06','2012-08-21 07:21:06'),(5415,'2012-08-01 22:56:54','31669-5019B433.000E00C0','Mail.RL ','ylvnhk93d@darvick.com.hk','service@myxiequ.com','奖^惩制^度制^订要^点-130154/10878','OK','@.spam/M1DJ18EP','MGSPAM-commtouch-2','utf-8\n','2012-08-21 07:21:06','2012-08-21 07:21:06'),(5416,'2012-08-01 23:21:24','4217-5019B9F1.000142EA','Mail.RL ','nagios@localhost.localdomain','shaozhihu@myxiequ.com','** PROBLEM Host Alert: winserver is DOWN **/864','OK',NULL,'MGPASS--40','utf-8\n','2012-08-21 07:21:06','2012-08-21 07:21:06'),(5417,'2012-08-01 23:51:22','4217-5019C0F9.00032D77','Mail.RL ','nagios@localhost.localdomain','shaozhihu@myxiequ.com','** PROBLEM Host Alert: winserver is DOWN **/864','OK',NULL,'MGPASS--40','utf-8\n','2012-08-21 07:21:06','2012-08-21 07:21:06'),(5418,'2012-08-01 23:52:15','4217-5019C12E.0000595A','Mail.RL ','zhouxuan@asiajointcn.com','sarah@myxiequ.com','≈◆≈ 6D→基层/员工/薪酬/福利/设计 ≈◆≈/9169','OK','@.spam/F9GJ188E','MGSPAM-commtouch-2','utf-8\n','2012-08-21 07:21:06','2012-08-21 07:21:06'),(5419,'2012-08-02 00:00:51','4217-5019C333.00022281','Mail.RL ',NULL,'angela@myxiequ.com','垃圾信拦截明细列表.html/13767','OK',NULL,'MGHAM--0','utf-8\n','2012-08-21 07:21:06','2012-08-21 07:21:06'),(5420,'2012-08-02 00:00:51','4213-5019C333.000687B4','Mail.RL ',NULL,'grace@myxiequ.com','垃圾信拦截明细列表.html/13755','OK',NULL,'MGHAM--0','utf-8\n','2012-08-21 07:21:06','2012-08-21 07:21:06'),(5421,'2012-08-02 00:00:54','4203-5019C334.0003D827','Mail.RL ',NULL,'young@myxiequ.com','垃圾信拦截明细列表.html/20541','OK',NULL,'MGHAM--0','utf-8\n','2012-08-21 07:21:06','2012-08-21 07:21:06'),(5422,'2012-08-02 00:00:54','4190-5019C334.000157CD','Mail.RL ',NULL,'tomwang@myxiequ.com','垃圾信拦截明细列表.html/13831','OK',NULL,'MGHAM--0','utf-8\n','2012-08-21 07:21:06','2012-08-21 07:21:06'),(5423,'2012-08-02 00:00:54','4169-5019C334.0000533F','Mail.RL ',NULL,'service@myxiequ.com','垃圾信拦截明细列表.html/17293','OK',NULL,'MGHAM--0','utf-8\n','2012-08-21 07:21:06','2012-08-21 07:21:06'),(5424,'2012-08-02 00:00:54','4213-5019C333.000E661F','Mail.RL ',NULL,'sarah@myxiequ.com','垃圾信拦截明细列表.html/13729','OK',NULL,'MGHAM--0','utf-8\n','2012-08-21 07:21:06','2012-08-21 07:21:06'),(5425,'2012-08-02 00:06:27','4217-5019C47F.000C4CD1','Mail.RL ','work@tc-hmt-cron00.tc.baidu.com','ivan@myxiequ.com','myxiequ.com-百度统计全部来源报告_20120801-20120801/317779','OK',NULL,'MGHAM-data_size-40','utf-8\n','2012-08-21 07:21:06','2012-08-21 07:21:06'),(5426,'2012-08-02 00:07:42','4217-5019C4CB.00046C31','Mail.RL ','work@tc-hmt-cron00.tc.baidu.com','ivan@myxiequ.com','myxiequ.com-百度统计受访页面报告_20120801-20120801/257682','OK',NULL,'MGHAM-compute_score-2','utf-8\n','2012-08-21 07:21:06','2012-08-21 07:21:06'),(5427,'2012-08-02 00:09:41','4217-5019C543.00019150','Mail.RL ','admin@advertise-bz.cn','mkt@myxiequ.com','Premium High Traffic Feed Ad Software/1477','OK','@.spam/5AHJ18FK','MGSPAM-commtouch-51','utf-8\n','2012-08-21 07:21:06','2012-08-21 07:21:06'),(5428,'2012-08-02 00:21:22','9060-5019C801.00043757','Mail.RL ','nagios@localhost.localdomain','shaozhihu@myxiequ.com','** PROBLEM Host Alert: winserver is DOWN **/863','OK',NULL,'MGPASS--40','utf-8\n','2012-08-21 07:21:06','2012-08-21 07:21:06'),(5429,'2012-08-02 00:23:17','9088-5019C871.000D3A17','Mail.RL ','delivery@mx.sailthru.com','ivan@myxiequ.com','Chalkboard Tees, Bear Bed Covers, Baroque Bedroom Furniture, Animal Socks, iiamo Self-Warming Baby Bottles, LunchBots Stainless Lunch Boxes, Paulina Quintana Kiddie Couture, Lotus Bumz Designer Diapers & More Kids Gear./58446','OK',NULL,'MGHAM-compute_score-2','utf-8\n','2012-08-21 07:21:06','2012-08-21 07:21:06'),(5430,'2012-08-02 00:40:53','9075-5019CC93.000A8523','Mail.RL ','pzheng@cctec.net.cn','service@myxiequ.com','目标管3理h与=80/20法则；-4nmw/2592','OK','@.spam/L4JJ181I','MGSPAM-commtouch-2','utf-8\n','2012-08-21 07:21:06','2012-08-21 07:21:06'),(5431,'2012-08-02 00:51:22','9135-5019CF09.0005DE25','Mail.RL ','nagios@localhost.localdomain','shaozhihu@myxiequ.com','** PROBLEM Host Alert: winserver is DOWN **/863','OK',NULL,'MGPASS--40','utf-8\n','2012-08-21 07:21:06','2012-08-21 07:21:06'),(5432,'2012-08-02 00:57:25','9135-5019D073.00093A0E','Mail.RL ','276487547+auto_=wangguang=myxiequ.com@qq.com','wangguang@myxiequ.com','商品专员绩效考核标准/26317','OK',NULL,'MGHAM--0','utf-8\n','2012-08-21 07:21:06','2012-08-21 07:21:06'),(5433,'2012-08-02 00:57:25','9064-5019D073.00095E01','Mail.RL ','313820977@qq.com','wangguang@myxiequ.com','关于银泰货品/38118','OK',NULL,'MGHAM--0','utf-8\n','2012-08-21 07:21:06','2012-08-21 07:21:06'),(5434,'2012-08-02 00:57:25','9100-5019D073.0009585F','Mail.RL ','276487547+auto_=wangguang=myxiequ.com@qq.com','wangguang@myxiequ.com','8.1价格申请/97127','OK',NULL,'MGHAM--0','utf-8\n','2012-08-21 07:21:06','2012-08-21 07:21:06'),(5435,'2012-08-02 00:57:31','9088-5019D07B.000B58DD','Mail.RL ','276487547+auto_=wangguang=myxiequ.com@qq.com','wangguang@myxiequ.com','银泰货品明细/50879','OK',NULL,'MGHAM--0','utf-8\n','2012-08-21 07:21:06','2012-08-21 07:21:06'),(5436,'2012-08-02 00:57:50','9088-5019D08D.0009746E','Mail.RL ','276487547+auto_=wangguang=myxiequ.com@qq.com','wangguang@myxiequ.com','张汉香每日工作汇报/56656','OK',NULL,'MGHAM--0','utf-8\n','2012-08-21 07:21:06','2012-08-21 07:21:06'),(5437,'2012-08-02 00:57:50','8965-5019D08D.00096A89','Mail.RL ','276487547+auto_=wangguang=myxiequ.com@qq.com','wangguang@myxiequ.com','转发：哈森 6月代销账款水单/87680','OK',NULL,'MGHAM--0','utf-8\n','2012-08-21 07:21:06','2012-08-21 07:21:06'),(5438,'2012-08-02 00:58:02','8965-5019D097.000D68F2','Mail.RL ','276487547+auto_=wangguang=myxiequ.com@qq.com','wangguang@myxiequ.com','银泰周年庆货品明细及价格/49885','OK',NULL,'MGHAM--0','utf-8\n','2012-08-21 07:21:06','2012-08-21 07:21:06'),(5439,'2012-08-02 01:04:22','8965-5019D215.0000B789','Mail.RL ','jbco.qcjn@gmail.com','service@myxiequ.com','在跨国公司做采购的日子(第一季)/90210','OK','@.spam/MGKJ18LJ','MGSPAM-compute_score-51','utf-8\n','2012-08-21 07:21:06','2012-08-21 07:21:06'),(5440,'2012-08-02 01:15:46','14085-5019D4BF.00044B65','Mail.RL ','resume@quickmail.51job.com','tomwang@myxiequ.com','(51job.com)申请贵公司数据统计员（苏州）－刘秋菊 /37407','OK',NULL,'MGHAM-compute_score-2','utf-8\n','2012-08-21 07:21:06','2012-08-21 07:21:06'),(5441,'2012-08-02 01:19:11','13875-5019D58E.0004A0D8','Mail.RL ','resume@quickmail.51job.com','grace@myxiequ.com','(51job.com)申请贵公司招商经理 (品牌女鞋)（上海-普陀区）－李伟 /92368','OK',NULL,'MGHAM-compute_score-2','utf-8\n','2012-08-21 07:21:06','2012-08-21 07:21:06'),(5442,'2012-08-02 01:21:52','14048-5019D62F.00017874','Mail.RL ','nagios@localhost.localdomain','shaozhihu@myxiequ.com','** PROBLEM Host Alert: winserver is DOWN **/864','OK',NULL,'MGPASS--40','utf-8\n','2012-08-21 07:21:06','2012-08-21 07:21:06'),(5443,'2012-08-02 01:27:46','13875-5019D78F.0006D261','Mail.RL ','service@jxdyf.com','young@myxiequ.com','企3业白领核心办8公技8能v提cv升/1392','OK','@.spam/ISLJ18A8','MGSPAM-commtouch-2','utf-8\n','2012-08-21 07:21:06','2012-08-21 07:21:06'),(5444,'2012-08-02 01:31:55','14085-5019D887.00085986','Mail.RL ','resume@quickmail.51job.com','grace@myxiequ.com','(51job.com)申请贵公司市场企划专员（上海-普陀区）－陈燕 /99412','OK',NULL,'MGHAM-compute_score-2','utf-8\n','2012-08-21 07:21:06','2012-08-21 07:21:06'),(5445,'2012-08-02 01:35:42','14085-5019D96A.00085854','Mail.RL ','resume@quickmail.51job.com','grace@myxiequ.com','(51job.com)申请贵公司市场企划专员（上海-普陀区）－邹晓漪 /123612','OK',NULL,'MGHAM-compute_score-2','utf-8\n','2012-08-21 07:21:06','2012-08-21 07:21:06'),(5446,'2012-08-02 01:37:03','14040-5019D9BC.000A328C','Mail.RL ','resume@quickmail.51job.com','sarah@myxiequ.com','(51job.com)申请贵公司体验店店长（上海-徐汇区）－沈波 /188713','OK',NULL,'MGHAM-compute_score-2','utf-8\n','2012-08-21 07:21:06','2012-08-21 07:21:06'),(5447,'2012-08-02 01:38:18','14079-5019DA07.000CC7A4','Mail.RL ','resume@quickmail.51job.com','ivan@myxiequ.com','(51job.com)申请贵公司招商经理 (品牌女鞋)（上海-普陀区）－李伟 /92367','OK',NULL,'MGHAM-compute_score-2','utf-8\n','2012-08-21 07:21:06','2012-08-21 07:21:06'),(5448,'2012-08-02 01:49:01','14079-5019DC88.0007CBC8','Mail.RL ','service@mail.alipay.com','finance@myxiequ.com','交易状态已改变为：交易成功/10818','OK',NULL,'MGHAM-header_match_any-40','utf-8\n','2012-08-21 07:21:06','2012-08-21 07:21:06'),(5449,'2012-08-02 01:51:55','14020-5019DD38.000E46BF','Mail.RL ','nagios@localhost.localdomain','shaozhihu@myxiequ.com','** PROBLEM Host Alert: winserver is DOWN **/864','OK',NULL,'MGPASS--40','utf-8\n','2012-08-21 07:21:06','2012-08-21 07:21:06'),(5450,'2012-08-02 01:54:16','14049-5019DDC7.0009ADF7','Mail.RL ','vpnifdsj@ak.com','wangguang@myxiequ.com','se63k[管a理a干a部a综a合a技a能a提a升]/18674','OK','@.spam/8ENJ18TS','MGSPAM-commtouch-51','utf-8\n','2012-08-21 07:21:06','2012-08-21 07:21:06'),(5451,'2012-08-02 01:57:14','14049-5019DE76.0008FA3E','Mail.RL ','heauotj@qqkn.com','sarah@myxiequ.com','w63xv[销vc售v主v管v全v面v提v升]/14240','OK','@.spam/QJNJ18S7','MGSPAM-commtouch-51','utf-8\n','2012-08-21 07:21:06','2012-08-21 07:21:06'),(5452,'2012-08-02 01:58:09','14025-5019DEB0.00070B95','Mail.RL ',NULL,'service@myxiequ.com','系统退信/14118','OK','@.spam/HLNJ186U','MGSPAM-compute_score-51','utf-8\n','2012-08-21 07:21:06','2012-08-21 07:21:06'),(5453,'2012-08-02 01:58:13','14044-5019DEB3.000075A8','Mail.RL ',NULL,'service@myxiequ.com','系统退信/13448','OK','@.spam/LLNJ1874','MGSPAM-compute_score-51','utf-8\n','2012-08-21 07:21:06','2012-08-21 07:21:06'),(5454,'2012-08-02 02:11:10','18785-5019E1BB.000EFDDC','Mail.RL ','uaqiltk@rjliu.shanghpx.com','service@myxiequ.com','新h任经q理全c面管l理技g能提o升训z练-诸翰萱/55081','OK','MGVIRUS-DELIVER-mail_type-40','VIRUS Commtouch','utf-8\n','2012-08-21 07:21:06','2012-08-21 07:21:06'),(5455,'2012-08-02 02:21:55','18730-5019E43F.00019AD2','Mail.RL ','nagios@localhost.localdomain','shaozhihu@myxiequ.com','** PROBLEM Host Alert: winserver is DOWN **/864','OK',NULL,'MGPASS--40','utf-8\n','2012-08-21 07:21:06','2012-08-21 07:21:06'),(5456,'2012-08-02 02:43:34','18730-5019E952.000DD046','Mail.RL ','resume@quickmail.51job.com','tomwang@myxiequ.com','(51job.com)申请贵公司数据统计员（苏州）－邱伶俐 /53444','OK',NULL,'MGHAM-compute_score-2','utf-8\n','2012-08-21 07:21:06','2012-08-21 07:21:06'),(5457,'2012-08-02 02:52:53','18788-5019EB83.000349F2','Mail.RL ','nagios@localhost.localdomain','shaozhihu@myxiequ.com','** PROBLEM Host Alert: winserver is DOWN **/864','OK',NULL,'MGPASS--40','utf-8\n','2012-08-21 07:21:06','2012-08-21 07:21:06'),(5458,'2012-08-02 03:11:18','23551-5019EFD3.000EC51E','Mail.RL ','371301007@qq.com','paris@myxiequ.com','1111/1684','OK',NULL,'MGPASS--40','utf-8\n','2012-08-21 07:21:06','2012-08-21 07:21:06'),(5459,'2012-08-02 03:12:42','23471-5019F023.0003DEB6','Mail.RL ','nwk@irmwlze.net','service@myxiequ.com','df4cx[打s造s狼su性s销uc售s团vc队]/14909','OK','@.spam/A1SJ1825','MGSPAM-commtouch-51','utf-8\n','2012-08-21 07:21:06','2012-08-21 07:21:06'),(5460,'2012-08-02 03:14:35','23471-5019F093.0006E3D6','Mail.RL ','LocalDealsCN@email.travelzoo.com','amyfu@myxiequ.com','LOCAL DEAL: ￥588 -- 57折 NAPA 餐厅双人经典法式大餐 美食美酒优雅邂逅/25746','OK',NULL,'MGHAM-compute_score-2','utf-8\n','2012-08-21 07:21:06','2012-08-21 07:21:06'),(5461,'2012-08-02 03:17:54','23630-5019F15D.000A211C','Mail.RL ','zfjvbm@ebw.org','service@myxiequ.com','zsw3f[计cv件ev工vu资sv设av计]/15777','OK','@.spam/2BSJ18UG','MGSPAM-commtouch-51','utf-8\n','2012-08-21 07:21:06','2012-08-21 07:21:06'),(5462,'2012-08-02 03:22:30','23622-5019F273.00078393','Mail.RL ','1395861628@qq.com','carrie@myxiequ.com','未K单明细/5871','OK',NULL,'MGHAM-compute_score-2','utf-8\n','2012-08-21 07:21:06','2012-08-21 07:21:06'),(5463,'2012-08-02 03:22:30','23622-5019F273.00078393','Mail.RL ','1395861628@qq.com','fang@myxiequ.com','未K单明细/5871','OK',NULL,'MGHAM-compute_score-2','utf-8\n','2012-08-21 07:21:06','2012-08-21 07:21:06'),(5464,'2012-08-02 03:23:49','23614-5019F2C2.000527E3','Mail.RL ','nagios@localhost.localdomain','shaozhihu@myxiequ.com','** PROBLEM Host Alert: winserver is DOWN **/864','OK',NULL,'MGPASS--40','utf-8\n','2012-08-21 07:21:06','2012-08-21 07:21:06'),(5465,'2012-08-02 03:24:42','23614-5019F2F8.00030F09','Mail.RL ','resume@quickmail.51job.com','grace@myxiequ.com','(51job.com)申请贵公司网站广告策划人员（B2C电子商务）（上海-普陀区）－张炜 /40328','OK','@.spam/QNSJ182H','MGSPAM-compute_score-51','utf-8\n','2012-08-21 07:21:06','2012-08-21 07:21:06'),(5466,'2012-08-02 03:24:59','23635-5019F300.00078DFE','Mail.RL ','resume@quickmail.51job.com','grace@myxiequ.com','(51job.com)申请贵公司网站活动策划（B2C电子商务）（上海-普陀区）－张炜 /40310','OK','@.spam/BOSJ18IV','MGSPAM-compute_score-51','utf-8\n','2012-08-21 07:21:06','2012-08-21 07:21:06'),(5467,'2012-08-02 03:25:31','23635-5019F329.00060350','Mail.RL ','resume@quickmail.51job.com','young@myxiequ.com','(51job.com)申请贵公司会员活动策划主管（上海-普陀区）－张炜 /40268','OK','@.spam/BPSJ18HV','MGSPAM-compute_score-51','utf-8\n','2012-08-21 07:21:06','2012-08-21 07:21:06'),(5468,'2012-08-02 03:31:32','23648-5019F492.00033C8D','Mail.RL ','276487547+auto_=wangguang=myxiequ.com@qq.com','wangguang@myxiequ.com','精彩看伦敦，玩乐在天猫，百万红包等你赢！/22582','OK',NULL,'MGHAM-compute_score-2','utf-8\n','2012-08-21 07:21:06','2012-08-21 07:21:06'),(5469,'2012-08-02 03:34:52','23648-5019F55A.000C75E0','Mail.RL ','vyjfwjq@xkhu.org','service@myxiequ.com','ew64x[招au聘v与v面aw试vs技cs巧]/14358','OK','@.spam/SATJ18AB','MGSPAM-commtouch-51','utf-8\n','2012-08-21 07:21:06','2012-08-21 07:21:06'),(5470,'2012-08-02 03:38:39','23647-5019F63A.0008DEAF','Mail.RL ','LocalDealsHK@email.travelzoo.com','amyfu@myxiequ.com','LOCAL DEAL: $688 -- 中環 IFC 六折品酒歎海鮮！雙人Café Costa晚餐送原支餐酒/24020','OK',NULL,'MGHAM-compute_score-2','utf-8\n','2012-08-21 07:21:06','2012-08-21 07:21:06'),(5471,'2012-08-02 03:46:26','23622-5019F80F.0005A1A6','Mail.RL ','1066434187@qq.com','wangguang@myxiequ.com','h货品确认/2428782','OK',NULL,'MGHAM-header_match_any-40','utf-8\n','2012-08-21 07:21:06','2012-08-21 07:21:06'),(5472,'2012-08-02 03:48:01','23622-5019F870.000B37FD','Mail.RL ','yydn@rbunclzl.com','service@myxiequ.com','re4da[高cx效ex仓ws储vs管es理]/19649','OK','@.spam/H3UJ18T1','MGSPAM-commtouch-51','utf-8\n','2012-08-21 07:21:06','2012-08-21 07:21:06'),(5473,'2012-08-02 03:53:44','23635-5019F9C5.00073706','Mail.RL ','nagios@localhost.localdomain','shaozhihu@myxiequ.com','** PROBLEM Host Alert: winserver is DOWN **/864','OK',NULL,'MGPASS--40','utf-8\n','2012-08-21 07:21:06','2012-08-21 07:21:06'),(5474,'2012-08-02 04:00:18','23626-5019FB51.0004D199','Mail.RL ','341451196+auto_=xiaopeiqun=myxiequ.com@qq.com','xiaopeiqun@myxiequ.com','自动回复:钧钛存货进出存管控总表/1145','OK',NULL,'MGHAM-compute_score-2','utf-8\n','2012-08-21 07:21:06','2012-08-21 07:21:06'),(5475,'2012-08-02 04:02:27','23626-5019FBD0.000780EE','Mail.RL ','bill@climatron.com.cn','sarah@myxiequ.com','货品已经发出，请注意查收！/12120','OK',NULL,'MGHAM-compute_score-2','utf-8\n','2012-08-21 07:21:06','2012-08-21 07:21:06'),(5476,'2012-08-02 04:23:52','28389-501A00D7.00029DED','Mail.RL ','nagios@localhost.localdomain','shaozhihu@myxiequ.com','** PROBLEM Host Alert: winserver is DOWN **/864','OK',NULL,'MGPASS--40','utf-8\n','2012-08-21 07:21:06','2012-08-21 07:21:06'),(5477,'2012-08-02 04:24:16','28376-501A00EF.000B4936','Mail.RL ','341451196+auto_=gavin=myxiequ.com@qq.com','gavin@myxiequ.com','自动回复:答复: 钧钛存货进出存管控总表/1140','OK',NULL,'MGHAM-compute_score-2','utf-8\n','2012-08-21 07:21:06','2012-08-21 07:21:06'),(5478,'2012-08-02 04:27:35','28376-501A01B5.000F1310','Mail.RL ','resume@quickmail.51job.com','grace@myxiequ.com','(51job.com)申请贵公司网站活动策划（B2C电子商务）（上海-普陀区）－徐媛媛 /55335','OK','@.spam/ND0K18RB','MGSPAM-compute_score-51','utf-8\n','2012-08-21 07:21:06','2012-08-21 07:21:06'),(5479,'2012-08-02 04:31:23','28346-501A0298.0008C353','Mail.RL ','resume@quickmail.51job.com','sarah@myxiequ.com','(51job.com)申请贵公司体验店店长（上海-徐汇区）－王芬芬 /43807','OK',NULL,'MGHAM-compute_score-2','utf-8\n','2012-08-21 07:21:06','2012-08-21 07:21:06'),(5480,'2012-08-02 04:34:54','28376-501A0367.000322C9','Mail.RL ','17876903@qq.com','diaoxy@myxiequ.com','转发：招商品牌库存表8-1/119717','OK',NULL,'MGHAM-compute_score-2','utf-8\n','2012-08-21 07:21:06','2012-08-21 07:21:06'),(5481,'2012-08-02 04:38:43','28376-501A0451.000E3992','Mail.RL ','resume@quickmail.51job.com','gavin@myxiequ.com','(51job.com)申请贵公司客服经理（上海-普陀区）－沈琼 /41097','OK','@.spam/J21K185E','MGSPAM-compute_score-51','utf-8\n','2012-08-21 07:21:06','2012-08-21 07:21:06'),(5482,'2012-08-02 04:51:58','28376-501A076A.000BBD67','Mail.RL ','sundeeg@shtorrent.com','andy@myxiequ.com','≈◆≈ 6D→基层/员工/薪酬/福利/设计 ≈◆≈/9161','OK','@.spam/ER1K1826','MGSPAM-commtouch-2','utf-8\n','2012-08-21 07:21:06','2012-08-21 07:21:06'),(5483,'2012-08-02 04:54:00','28376-501A07DF.0000251A','Mail.RL ','nagios@localhost.localdomain','shaozhihu@myxiequ.com','** PROBLEM Host Alert: winserver is DOWN **/864','OK',NULL,'MGPASS--40','utf-8\n','2012-08-21 07:21:06','2012-08-21 07:21:06'),(5484,'2012-08-02 04:57:10','28376-501A08A2.00023199','Mail.RL ','resume@quickmail.51job.com','wangguang@myxiequ.com','(51job.com)申请贵公司淘宝运营主管（上海-普陀区）－王小维 /406603','OK',NULL,'MGHAM-data_size-40','utf-8\n','2012-08-21 07:21:06','2012-08-21 07:21:06'),(5485,'2012-08-02 04:59:17','28389-501A0920.0004193B','Mail.RL ','weibo_app@vip.sina.com','mkt@myxiequ.com','新浪微博开放平台友情提示/2247','OK',NULL,'MGHAM-compute_score-2','utf-8\n','2012-08-21 07:21:06','2012-08-21 07:21:06'),(5486,'2012-08-02 05:04:34','28427-501A0A5E.000DB435','Mail.RL ','276487547+auto_=wangguang=myxiequ.com@qq.com','wangguang@myxiequ.com','KELENDRIA ROWLAND、Pete Cashmore 和 Russell Simmons 有推文给你/85405','OK',NULL,'MGHAM-compute_score-2','utf-8\n','2012-08-21 07:21:06','2012-08-21 07:21:06'),(5487,'2012-08-02 05:17:48','711-501A0D7B.0001F815','Mail.RL ','sowprtxvf@uzkur.org','service@myxiequ.com','dsy4x[员ex工er期ev权ea激ew励ez法]/14131','OK','@.spam/SB3K183P','MGSPAM-commtouch-51','utf-8\n','2012-08-21 07:21:06','2012-08-21 07:21:06'),(5488,'2012-08-02 05:24:43','671-501A0F19.000519A1','Mail.RL ','nagios@localhost.localdomain','shaozhihu@myxiequ.com','** PROBLEM Host Alert: winserver is DOWN **/864','OK',NULL,'MGPASS--40','utf-8\n','2012-08-21 07:21:06','2012-08-21 07:21:06'),(5489,'2012-08-02 05:37:54','671-501A122B.0001620D','Mail.RL ','resume@quickmail.51job.com','sarah@myxiequ.com','(51job.com)申请贵公司体验店店长（上海-徐汇区）－王桢杰 /48770','OK',NULL,'MGHAM-compute_score-2','utf-8\n','2012-08-21 07:21:06','2012-08-21 07:21:06'),(5490,'2012-08-02 05:47:17','672-501A1464.0000B632','Mail.RL ','276487547+auto_=wangguang=myxiequ.com@qq.com','wangguang@myxiequ.com','回复：答复: 回复：库存数量较大可做活动款式/24698','OK',NULL,'MGHAM-compute_score-2','utf-8\n','2012-08-21 07:21:06','2012-08-21 07:21:06'),(5491,'2012-08-02 05:47:17','671-501A1462.000DD175','Mail.RL ','774018837@qq.com','wangguang@myxiequ.com','回复：答复: 回复：库存数量较大可做活动款式/25083','OK',NULL,'MGHAM-compute_score-2','utf-8\n','2012-08-21 07:21:06','2012-08-21 07:21:06'),(5492,'2012-08-02 05:48:31','672-501A14AD.000C404C','Mail.RL ','276487547+auto_=wangguang=myxiequ.com@qq.com','wangguang@myxiequ.com','回复：转发： 答复: 哈森系列断码出清活动商品/854073','OK',NULL,'MGHAM-data_size-40','utf-8\n','2012-08-21 07:21:06','2012-08-21 07:21:06'),(5493,'2012-08-02 05:54:56','672-501A162B.000581B9','Mail.RL ','nagios@localhost.localdomain','shaozhihu@myxiequ.com','** PROBLEM Host Alert: winserver is DOWN **/864','OK',NULL,'MGPASS--40','utf-8\n','2012-08-21 07:21:06','2012-08-21 07:21:06'),(5494,'2012-08-02 06:00:53','630-501A1793.000F224A','Mail.RL ',NULL,'young@myxiequ.com','垃圾信拦截明细列表.html/16958','OK',NULL,'MGHAM--0','utf-8\n','2012-08-21 07:21:06','2012-08-21 07:21:06'),(5495,'2012-08-02 06:00:53','639-501A1792.000F177A','Mail.RL ',NULL,'gavin@myxiequ.com','垃圾信拦截明细列表.html/13776','OK',NULL,'MGHAM--0','utf-8\n','2012-08-21 07:21:06','2012-08-21 07:21:06'),(5496,'2012-08-02 06:00:53','647-501A1793.0004D07F','Mail.RL ',NULL,'mkt@myxiequ.com','垃圾信拦截明细列表.html/13602','OK',NULL,'MGHAM--0','utf-8\n','2012-08-21 07:21:06','2012-08-21 07:21:06'),(5497,'2012-08-02 06:00:53','711-501A1792.0009CA31','Mail.RL ',NULL,'andy@myxiequ.com','垃圾信拦截明细列表.html/13704','OK',NULL,'MGHAM--0','utf-8\n','2012-08-21 07:21:06','2012-08-21 07:21:06'),(5498,'2012-08-02 06:00:53','638-501A1793.000D5E48','Mail.RL ',NULL,'wangguang@myxiequ.com','垃圾信拦截明细列表.html/13680','OK',NULL,'MGHAM--0','utf-8\n','2012-08-21 07:21:06','2012-08-21 07:21:06'),(5499,'2012-08-02 06:00:53','671-501A1793.000ACED0','Mail.RL ',NULL,'service@myxiequ.com','垃圾信拦截明细列表.html/40030','OK',NULL,'MGHAM--0','utf-8\n','2012-08-21 07:21:06','2012-08-21 07:21:06'),(5500,'2012-08-02 06:00:53','672-501A1793.00008464','Mail.RL ',NULL,'grace@myxiequ.com','垃圾信拦截明细列表.html/20994','OK',NULL,'MGHAM--0','utf-8\n','2012-08-21 07:21:06','2012-08-21 07:21:06'),(5501,'2012-08-02 06:00:53','626-501A1793.0008B995','Mail.RL ',NULL,'sarah@myxiequ.com','垃圾信拦截明细列表.html/13616','OK',NULL,'MGHAM--0','utf-8\n','2012-08-21 07:21:06','2012-08-21 07:21:06'),(5502,'2012-08-02 06:05:34','672-501A18AA.00017A4E','Mail.RL ','nadou64148526@163.c0m','service@myxiequ.com','问题的困扰105144/116286','OK','MGVIRUS-DELIVER-mail_type-40','VIRUS Commtouch','utf-8\n','2012-08-21 07:21:06','2012-08-21 07:21:06'),(5503,'2012-08-02 06:11:16','6046-501A19FF.0005B170','Mail.RL ','15868138095@163.com','pm@myxiequ.com','供应商：义乌穹天贸易有限公司/24948','OK',NULL,'MGHAM-compute_score-2','utf-8\n','2012-08-21 07:21:06','2012-08-21 07:21:06'),(5504,'2012-08-02 06:26:05','5927-501A1D7B.0001A093','Mail.RL ','1066434187+auto_=miaom=myxiequ.com@qq.com','miaom@myxiequ.com','自动回复: 渠道部销售及时汇总表/1207','OK',NULL,'MGHAM-compute_score-2','utf-8\n','2012-08-21 07:21:06','2012-08-21 07:21:06'),(5505,'2012-08-02 06:29:03','6024-501A1E2D.0009A488','Mail.RL ','nagios@localhost.localdomain','shaozhihu@myxiequ.com','** PROBLEM Host Alert: winserver is DOWN **/863','OK',NULL,'MGPASS--40','utf-8\n','2012-08-21 07:21:06','2012-08-21 07:21:06'),(5506,'2012-08-02 06:31:13','6024-501A1EAE.00041B04','Mail.RL ','gracehsieh33@gmail.com','grace@myxiequ.com','/1511478','OK',NULL,'MGHAM-data_size-40','utf-8\n','2012-08-21 07:21:06','2012-08-21 07:21:06'),(5507,'2012-08-02 06:49:26','6046-501A22F4.00096611','Mail.RL ','resume@quickmail.51job.com','wangguang@myxiequ.com','(51job.com)申请贵公司渠道开发/分销专员（上海-普陀区）－胡金超 /94694','OK','@.spam/MN8K18OR','MGSPAM-compute_score-51','utf-8\n','2012-08-21 07:21:06','2012-08-21 07:21:06'),(5508,'2012-08-02 06:59:04','5928-501A2535.00030F11','Mail.RL ','nagios@localhost.localdomain','shaozhihu@myxiequ.com','** PROBLEM Host Alert: winserver is DOWN **/863','OK',NULL,'MGPASS--40','utf-8\n','2012-08-21 07:21:06','2012-08-21 07:21:06'),(5509,'2012-08-02 07:15:16','11355-501A2901.0008945C','Mail.RL ','wuyc@smartspread.net','anna@myxiequ.com','麦鞋趣7月传播月度总结及发布月报/182975','OK',NULL,'MGHAM-compute_score-2','utf-8\n','2012-08-21 07:21:06','2012-08-21 07:21:06'),(5510,'2012-08-02 07:15:52','11355-501A2924.0003650A','Mail.RL ','return-to@newsletter.okaybuy.com.cn','grace@myxiequ.com','【5周年庆】全月5折封顶，465次爆品秒杀，8月一起high翻天！/17790','OK',NULL,'MGHAM-compute_score-2','utf-8\n','2012-08-21 07:21:06','2012-08-21 07:21:06'),(5511,'2012-08-02 07:30:09','11355-501A2C7D.0002AFD8','Mail.RL ','276487547+auto_=wangguang=myxiequ.com@qq.com','wangguang@myxiequ.com','回复：8.1价格申请/2442697','OK',NULL,'MGHAM-data_size-40','utf-8\n','2012-08-21 07:21:06','2012-08-21 07:21:06'),(5512,'2012-08-02 07:31:02','11355-501A2CB4.000D8671','Mail.RL ','nagios@localhost.localdomain','shaozhihu@myxiequ.com','** PROBLEM Host Alert: winserver is DOWN **/864','OK',NULL,'MGPASS--40','utf-8\n','2012-08-21 07:21:06','2012-08-21 07:21:06'),(5513,'2012-08-02 07:52:03','11502-501A31A1.0005D955','Mail.RL ','1066434187+auto_=gavin=myxiequ.com@qq.com','gavin@myxiequ.com','自动回复:答复: 渠道部销售及时汇总表/1228','OK',NULL,'MGHAM-compute_score-2','utf-8\n','2012-08-21 07:21:06','2012-08-21 07:21:06'),(5514,'2012-08-02 07:56:35','11518-501A32B2.0009C559','Mail.RL ','365635782@qq.com','angela@myxiequ.com','8.1需套图/5458','OK',NULL,'MGHAM-compute_score-2','utf-8\n','2012-08-21 07:21:06','2012-08-21 07:21:06'),(5515,'2012-08-02 07:56:35','11518-501A32B2.0009C559','Mail.RL ','365635782@qq.com','susie@myxiequ.com','8.1需套图/5458','OK',NULL,'MGHAM-compute_score-2','utf-8\n','2012-08-21 07:21:06','2012-08-21 07:21:06'),(5516,'2012-08-02 08:01:44','11518-501A33E5.0002FD54','Mail.RL ','nagios@localhost.localdomain','shaozhihu@myxiequ.com','** PROBLEM Host Alert: winserver is DOWN **/864','OK',NULL,'MGPASS--40','utf-8\n','2012-08-21 07:21:06','2012-08-21 07:21:06'),(5517,'2012-08-02 08:05:49','11518-501A34DA.0005B55D','Mail.RL ','return-to@newsletter.okaybuy.com.cn','wendy@myxiequ.com','【5周年庆】全月5折封顶，465次爆品秒杀，8月一起high翻天！/17789','OK',NULL,'MGHAM-compute_score-2','utf-8\n','2012-08-21 07:21:06','2012-08-21 07:21:06'),(5518,'2012-08-02 08:25:41','16776-501A3984.00086AA3','Mail.RL ','437685421@qq.com','tracycui@myxiequ.com','印刷/5171','OK',NULL,'MGHAM-compute_score-2','utf-8\n','2012-08-21 07:21:06','2012-08-21 07:21:06'),(5519,'2012-08-02 08:31:42','16748-501A3AED.00055FD3','Mail.RL ','nagios@localhost.localdomain','shaozhihu@myxiequ.com','** PROBLEM Host Alert: winserver is DOWN **/864','OK',NULL,'MGPASS--40','utf-8\n','2012-08-21 07:21:06','2012-08-21 07:21:06'),(5520,'2012-08-02 08:32:19','16927-501A3B0F.000D0E73','Mail.RL ','webmaster@lvmama.org','cathy@myxiequ.com','低至1.9折！海滨玩水、乐园嬉戏、峡谷漂流等你来【驴妈妈团购】(AD)/27542','OK',NULL,'MGHAM-compute_score-2','utf-8\n','2012-08-21 07:21:06','2012-08-21 07:21:06'),(5521,'2012-08-02 08:42:49','16811-501A3D89.000094BE','Mail.RL ','service@mail.alipay.com','finance@myxiequ.com','交易状态已改变为：交易成功/9373','OK',NULL,'MGHAM-header_match_any-40','utf-8\n','2012-08-21 07:21:06','2012-08-21 07:21:06'),(5522,'2012-08-02 08:56:05','16811-501A40A2.00097832','Mail.RL ','resume@quickmail.51job.com','wangguang@myxiequ.com','(51job.com)申请贵公司渠道运营/分销运营（上海-普陀区）－胡世峰 /99189','OK',NULL,'MGHAM-compute_score-2','utf-8\n','2012-08-21 07:21:06','2012-08-21 07:21:06'),(5523,'2012-08-02 09:01:43','16811-501A41F5.0001FFE5','Mail.RL ','nagios@localhost.localdomain','shaozhihu@myxiequ.com','** PROBLEM Host Alert: winserver is DOWN **/864','OK',NULL,'MGPASS--40','utf-8\n','2012-08-21 07:21:06','2012-08-21 07:21:06'),(5524,'2012-08-02 09:06:22','16811-501A430B.000E8D02','Mail.RL ','service@mail.alipay.com','finance@myxiequ.com','交易状态已改变为：交易成功/10845','OK',NULL,'MGHAM-header_match_any-40','utf-8\n','2012-08-21 07:21:06','2012-08-21 07:21:06'),(5525,'2012-08-02 09:13:42','4699-501A44C4.000E4D83','Mail.RL ','service@mail.alipay.com','finance@myxiequ.com','交易状态已改变为：交易成功/9370','OK',NULL,'MGHAM-header_match_any-40','utf-8\n','2012-08-21 07:21:06','2012-08-21 07:21:06'),(5526,'2012-08-02 09:16:25','4699-501A4565.0006EBAC','Mail.RL ','759698962@qq.com','sarah@myxiequ.com','Fwd: 印刷/6214','OK',NULL,'MGHAM-compute_score-2','utf-8\n','2012-08-21 07:21:07','2012-08-21 07:21:07'),(5527,'2012-08-02 09:31:44','4666-501A48FC.000E58C0','Mail.RL ','nagios@localhost.localdomain','shaozhihu@myxiequ.com','** PROBLEM Host Alert: winserver is DOWN **/863','OK',NULL,'MGPASS--40','utf-8\n','2012-08-21 07:21:07','2012-08-21 07:21:07'),(5528,'2012-08-02 09:35:58','4797-501A49FB.00062CD2','Mail.RL ','service@mail.alipay.com','finance@myxiequ.com','交易状态已改变为：交易关闭/10148','OK',NULL,'MGHAM-header_match_any-40','utf-8\n','2012-08-21 07:21:07','2012-08-21 07:21:07'),(5529,'2012-08-02 10:00:04','4797-501A4FA0.0005BC69','Mail.RL ','coverchen1319@gmail.com','xiaopeiqun@myxiequ.com','Re: 目前平台对账数据不准确问题/7500','OK',NULL,'MGHAM-compute_score-2','utf-8\n','2012-08-21 07:21:07','2012-08-21 07:21:07'),(5530,'2012-08-02 10:00:04','4797-501A4FA0.0005BC69','Mail.RL ','coverchen1319@gmail.com','tomwang@myxiequ.com','Re: 目前平台对账数据不准确问题/7500','OK',NULL,'MGHAM-compute_score-2','utf-8\n','2012-08-21 07:21:07','2012-08-21 07:21:07'),(5531,'2012-08-02 10:00:04','4797-501A4FA0.0005BC69','Mail.RL ','coverchen1319@gmail.com','irene@myxiequ.com','Re: 目前平台对账数据不准确问题/7500','OK',NULL,'MGHAM-compute_score-2','utf-8\n','2012-08-21 07:21:07','2012-08-21 07:21:07'),(5532,'2012-08-02 10:00:04','4797-501A4FA0.0005BC69','Mail.RL ','coverchen1319@gmail.com','ivan@myxiequ.com','Re: 目前平台对账数据不准确问题/7500','OK',NULL,'MGHAM-compute_score-2','utf-8\n','2012-08-21 07:21:07','2012-08-21 07:21:07'),(5533,'2012-08-02 10:00:04','4797-501A4FA0.0005BC69','Mail.RL ','coverchen1319@gmail.com','zhanghai@myxiequ.com','Re: 目前平台对账数据不准确问题/7500','OK',NULL,'MGHAM-compute_score-2','utf-8\n','2012-08-21 07:21:07','2012-08-21 07:21:07'),(5534,'2012-08-02 10:00:04','4797-501A4FA0.0005BC69','Mail.RL ','coverchen1319@gmail.com','gavin@myxiequ.com','Re: 目前平台对账数据不准确问题/7500','OK',NULL,'MGHAM-compute_score-2','utf-8\n','2012-08-21 07:21:07','2012-08-21 07:21:07'),(5535,'2012-08-02 10:00:32','4682-501A4FBC.00043497','Mail.RL ','43185871@qq.com','amyfu@myxiequ.com','Re: 答复: 答复: 千百度伊伴最终确认(麦鞋趣)/1564','OK',NULL,'MGHAM-compute_score-2','utf-8\n','2012-08-21 07:21:07','2012-08-21 07:21:07'),(5536,'2012-08-02 10:01:54','4715-501A500E.000D41DE','Mail.RL ','nagios@localhost.localdomain','shaozhihu@myxiequ.com','** PROBLEM Host Alert: winserver is DOWN **/863','OK',NULL,'MGPASS--40','utf-8\n','2012-08-21 07:21:07','2012-08-21 07:21:07'),(5537,'2012-08-02 10:06:33','4782-501A5119.0003F142','Mail.RL ','276487547+auto_=wangguang=myxiequ.com@qq.com','wangguang@myxiequ.com','张汉香每日工作汇报/5858801','OK',NULL,'MGHAM-header_match_any-40','utf-8\n','2012-08-21 07:21:07','2012-08-21 07:21:07'),(5538,'2012-08-02 10:09:09','4577-501A51C1.00089295','Mail.RL ','75746604@qq.com','amyfu@myxiequ.com','转发：鞋子小图/6793','OK',NULL,'MGHAM-compute_score-2','utf-8\n','2012-08-21 07:21:07','2012-08-21 07:21:07'),(5539,'2012-08-02 10:12:07','19656-501A5275.000190D9','Mail.RL ','catharine80@126.com','service@myxiequ.com','catharine80 自动回复: 恭喜您，成功注册麦鞋趣会员！/2944','OK',NULL,'MGHAM-compute_score-2','utf-8\n','2012-08-21 07:21:07','2012-08-21 07:21:07'),(5540,'2012-08-02 10:14:28','19748-501A5301.00099495','Mail.RL ','313820977@qq.com','wangguang@myxiequ.com','工作日志/19263','OK',NULL,'MGHAM-header_match_any-40','utf-8\n','2012-08-21 07:21:07','2012-08-21 07:21:07'),(5541,'2012-08-02 10:14:50','19656-501A5319.000D9E50','Mail.RL ','276487547+auto_=wangguang=myxiequ.com@qq.com','wangguang@myxiequ.com','工作日志金春香/27623','OK',NULL,'MGPASS--40','utf-8\n','2012-08-21 07:21:07','2012-08-21 07:21:07'),(5542,'2012-08-02 10:25:17','19656-501A5588.0007B2D8','Mail.RL ','365635782@qq.com','angela@myxiequ.com','8月会员CPS/5307','OK',NULL,'MGHAM-compute_score-2','utf-8\n','2012-08-21 07:21:07','2012-08-21 07:21:07'),(5543,'2012-08-02 10:27:32','19656-501A5612.00052CDD','Mail.RL ','wuyc@smartspread.net','anna@myxiequ.com','待确认稿件及wiki/840464','OK',NULL,'MGHAM-data_size-40','utf-8\n','2012-08-21 07:21:07','2012-08-21 07:21:07'),(5544,'2012-08-02 10:31:52','19656-501A5716.000C1D66','Mail.RL ','nagios@localhost.localdomain','shaozhihu@myxiequ.com','** PROBLEM Host Alert: winserver is DOWN **/863','OK',NULL,'MGPASS--40','utf-8\n','2012-08-21 07:21:07','2012-08-21 07:21:07'),(5545,'2012-08-02 10:36:40','19689-501A5835.0004FF12','Mail.RL ','chouhm@163.com','young@myxiequ.com','Re: 钧钛的培训咨询/25612','OK',NULL,'MGHAM-compute_score-2','utf-8\n','2012-08-21 07:21:07','2012-08-21 07:21:07'),(5546,'2012-08-02 10:46:14','19702-501A5A72.0002665A','Mail.RL ','gx20000@163.com','art@myxiequ.com','Fwd: 8月会员CPS/6441','OK',NULL,'MGHAM-compute_score-2','utf-8\n','2012-08-21 07:21:07','2012-08-21 07:21:07'),(5547,'2012-08-02 10:46:28','19689-501A5A82.00090EC1','Mail.RL ','gx20000@163.com','art@myxiequ.com','Fwd: 8.1需套图/6663','OK',NULL,'MGHAM-compute_score-2','utf-8\n','2012-08-21 07:21:07','2012-08-21 07:21:07'),(5548,'2012-08-02 10:52:56','19689-501A5C07.00003B4B','Mail.RL ','service@mail.alipay.com','finance@myxiequ.com','交易状态已改变为：交易关闭/10139','OK',NULL,'MGHAM-header_match_any-40','utf-8\n','2012-08-21 07:21:07','2012-08-21 07:21:07'),(5549,'2012-08-02 11:01:54','19714-501A5E1F.00060335','Mail.RL ','nagios@localhost.localdomain','shaozhihu@myxiequ.com','** PROBLEM Host Alert: winserver is DOWN **/863','OK',NULL,'MGPASS--40','utf-8\n','2012-08-21 07:21:07','2012-08-21 07:21:07'),(5550,'2012-08-02 11:15:52','26447-501A6167.0001459B','Mail.RL ','396082145@qq.com','cs@myxiequ.com','8-1日QA/36550','OK',NULL,'MGHAM-header_match_any-40','utf-8\n','2012-08-21 07:21:07','2012-08-21 07:21:07'),(5551,'2012-08-02 11:32:27','26447-501A6544.000DF194','Mail.RL ','nagios@localhost.localdomain','shaozhihu@myxiequ.com','** PROBLEM Host Alert: winserver is DOWN **/864','OK',NULL,'MGPASS--40','utf-8\n','2012-08-21 07:21:07','2012-08-21 07:21:07'),(5552,'2012-08-02 11:56:29','26642-501A6AEA.0000B21C','Mail.RL ','759698962@qq.com','tracycui@myxiequ.com','回复：印刷/2083687','OK',NULL,'MGHAM-data_size-40','utf-8\n','2012-08-21 07:21:07','2012-08-21 07:21:07'),(5553,'2012-08-02 11:59:27','26612-501A6B99.000DDB6B','Mail.RL ','return-to@newsletter.glamour-sales.com.cn','angela@myxiequ.com','美味+色彩：西班牙LEKUE乐葵硅胶厨具，美国MEYER美亚锅具5折起！/70226','OK',NULL,'MGHAM-compute_score-2','utf-8\n','2012-08-21 07:21:07','2012-08-21 07:21:07'),(5554,'2012-08-02 12:00:53','26590-501A6BF4.0007AF32','Mail.RL ',NULL,'wangguang@myxiequ.com','垃圾信拦截明细列表.html/13869','OK',NULL,'MGHAM--0','utf-8\n','2012-08-21 07:21:07','2012-08-21 07:21:07'),(5555,'2012-08-02 12:02:32','26647-501A6C4C.000DDF91','Mail.RL ','nagios@localhost.localdomain','shaozhihu@myxiequ.com','** PROBLEM Host Alert: winserver is DOWN **/864','OK',NULL,'MGPASS--40','utf-8\n','2012-08-21 07:21:07','2012-08-21 07:21:07'),(5556,'2012-08-02 12:20:07','1127-501A7075.00038CDC','Mail.RL ','lrw6324@cableplus.com.cn','young@myxiequ.com','客戶熟知程度的影響-l10mh0/2765','OK','@.spam/N3SK187M','MGSPAM-commtouch-2','utf-8\n','2012-08-21 07:21:07','2012-08-21 07:21:07'),(5557,'2012-08-02 12:27:40','1127-501A7239.00010DFC','Mail.RL ','resume@quickmail.51job.com','grace@myxiequ.com','(51job.com)申请贵公司网站活动策划（B2C电子商务）（上海-普陀区）－郑呈鑫 /49983','OK',NULL,'MGHAM-compute_score-2','utf-8\n','2012-08-21 07:21:07','2012-08-21 07:21:07'),(5558,'2012-08-02 12:32:23','1059-501A7355.000201F8','Mail.RL ','nagios@localhost.localdomain','shaozhihu@myxiequ.com','** PROBLEM Host Alert: winserver is DOWN **/863','OK',NULL,'MGPASS--40','utf-8\n','2012-08-21 07:21:07','2012-08-21 07:21:07'),(5559,'2012-08-02 12:42:25','973-501A75AE.000F0980','Mail.RL ','resume@quickmail.51job.com','gavin@myxiequ.com','(51job.com)申请贵公司客服经理（上海-普陀区）－许管骏 /63315','OK',NULL,'MGHAM-compute_score-2','utf-8\n','2012-08-21 07:21:07','2012-08-21 07:21:07'),(5560,'2012-08-02 13:02:23','1059-501A7A5D.0003B6B1','Mail.RL ','nagios@localhost.localdomain','shaozhihu@myxiequ.com','** PROBLEM Host Alert: winserver is DOWN **/863','OK',NULL,'MGPASS--40','utf-8\n','2012-08-21 07:21:07','2012-08-21 07:21:07'),(5561,'2012-08-02 13:18:24','8106-501A7E1F.000B5B43','Mail.RL ','service@mail.alipay.com','finance@myxiequ.com','交易状态已改变为：交易成功/9518','OK',NULL,'MGHAM-header_match_any-40','utf-8\n','2012-08-21 07:21:07','2012-08-21 07:21:07'),(5562,'2012-08-02 13:24:06','8112-501A7F74.000DA3B2','Mail.RL ','lmluh@5552293.com','service@myxiequ.com','J处理议价问题/6649','OK',NULL,'MGPASS--40','utf-8\n','2012-08-21 07:21:07','2012-08-21 07:21:07'),(5563,'2012-08-02 13:27:54','8094-501A8055.0006DC25','Mail.RL ','bounce-813_HTML-34091273-144546-1054680-1883@bounce.shopping.onlineshoes.com','wendy@myxiequ.com','Summer Closeout: Savings you won’t see again this season/12527','OK','@.spam/Q20L188Q','MGSPAM-commtouch-2','utf-8\n','2012-08-21 07:21:07','2012-08-21 07:21:07'),(5564,'2012-08-02 13:32:26','8117-501A8164.000B5A8A','Mail.RL ','nagios@localhost.localdomain','shaozhihu@myxiequ.com','** PROBLEM Host Alert: winserver is DOWN **/863','OK',NULL,'MGPASS--40','utf-8\n','2012-08-21 07:21:07','2012-08-21 07:21:07'),(5565,'2012-08-02 13:49:16','8117-501A854F.000272B4','Mail.RL ','bimingxin@vip.sohu.com','service@myxiequ.com','不当“獵手”當“农夫” — 勤懇-igtgxnfa/1700','OK','@.spam/SA1L18IN','MGSPAM-commtouch-2','utf-8\n','2012-08-21 07:21:07','2012-08-21 07:21:07'),(5566,'2012-08-02 13:56:58','8128-501A8728.0004A098','Mail.RL ','120677921@qq.com','wendy@myxiequ.com','(info)7月维护时间/84301','OK','@.spam/AP1L18U1','MGSPAM-compute_score-51','utf-8\n','2012-08-21 07:21:07','2012-08-21 07:21:07'),(5567,'2012-08-02 14:02:23','8117-501A886D.00002604','Mail.RL ','nagios@localhost.localdomain','shaozhihu@myxiequ.com','** PROBLEM Host Alert: winserver is DOWN **/863','OK',NULL,'MGPASS--40','utf-8\n','2012-08-21 07:21:07','2012-08-21 07:21:07'),(5568,'2012-08-02 14:07:55','8117-501A89AF.000213CA','Mail.RL ','delivery@mx.sailthru.com','amyfu@myxiequ.com','Shop Vintage Hermes Bags/26444','OK',NULL,'MGHAM-compute_score-2','utf-8\n','2012-08-21 07:21:07','2012-08-21 07:21:07'),(5569,'2012-08-02 14:19:40','15017-501A8C74.000EBF3C','Mail.RL ','resume@quickmail.51job.com','wangguang@myxiequ.com','(51job.com)申请贵公司渠道运营/分销运营（上海-普陀区）－吴欣宽 /38757','OK',NULL,'MGHAM-compute_score-2','utf-8\n','2012-08-21 07:21:07','2012-08-21 07:21:07'),(5570,'2012-08-02 14:22:30','15017-501A8D17.00031A75','Mail.RL ','resume@quickmail.51job.com','ivan@myxiequ.com','(51job.com)申请贵公司商品经理PM（上海-普陀区）－徐杰 /298637','OK',NULL,'MGHAM-compute_score-2','utf-8\n','2012-08-21 07:21:07','2012-08-21 07:21:07'),(5571,'2012-08-02 14:22:41','15017-501A8D28.00021431','Mail.RL ','resume@quickmail.51job.com','irene@myxiequ.com','(51job.com)申请贵公司商品经理PM（上海-普陀区）－徐杰 /298638','OK',NULL,'MGHAM-compute_score-2','utf-8\n','2012-08-21 07:21:07','2012-08-21 07:21:07'),(5572,'2012-08-02 14:32:24','14827-501A8F75.00025B77','Mail.RL ','nagios@localhost.localdomain','shaozhihu@myxiequ.com','** PROBLEM Host Alert: winserver is DOWN **/864','OK',NULL,'MGPASS--40','utf-8\n','2012-08-21 07:21:07','2012-08-21 07:21:07'),(5573,'2012-08-02 15:02:24','14827-501A967C.000BB6B6','Mail.RL ','nagios@localhost.localdomain','shaozhihu@myxiequ.com','** PROBLEM Host Alert: winserver is DOWN **/864','OK',NULL,'MGPASS--40','utf-8\n','2012-08-21 07:21:07','2012-08-21 07:21:07'),(5574,'2012-08-02 15:08:32','14983-501A97E8.000D333E','Mail.RL ','759698962@qq.com','sarah@myxiequ.com','转发：0802/196189','OK',NULL,'MGHAM-compute_score-2','utf-8\n','2012-08-21 07:21:07','2012-08-21 07:21:07'),(5575,'2012-08-02 15:11:46','21064-501A98AA.00084F8A','Mail.RL ','delivery@mx.sailthru.com','ivan@myxiequ.com','Nooka Watches, Shades & Belts. Bauhaus Screenprints. Collectible Ceramics. Cool Clogs. Eco & Bamboo Housewares. Sound Systems As Art. Handmade City Quilts. Luxury Planters. Chic & Sustainable Bags. Wild Watercolor Prints. Brilliant Scarves./87212','OK',NULL,'MGHAM-compute_score-2','utf-8\n','2012-08-21 07:21:07','2012-08-21 07:21:07'),(5576,'2012-08-02 15:32:25','21004-501A9D85.0003335F','Mail.RL ','nagios@localhost.localdomain','shaozhihu@myxiequ.com','** PROBLEM Host Alert: winserver is DOWN **/864','OK',NULL,'MGPASS--40','utf-8\n','2012-08-21 07:21:07','2012-08-21 07:21:07'),(5577,'2012-08-12 16:02:40','31898-5027D39C.00016907','Mail.RL ','nwnwz@595113.com','service@myxiequ.com','qS包装设计与管理/9967','OK','@.spam/0TKF28M9','MGSPAM-commtouch-51','utf-8\n','2012-08-21 07:21:07','2012-08-21 07:21:07'),(5578,'2012-08-12 16:18:30','31898-5027D750.00019D43','Mail.RL ','nagios@localhost.localdomain','shaozhihu@myxiequ.com','** PROBLEM Host Alert: winserver is DOWN **/865','OK',NULL,'MGPASS--40','utf-8\n','2012-08-21 07:21:07','2012-08-21 07:21:07'),(5579,'2012-08-12 16:21:42','31864-5027D815.00063A77','Mail.RL ','tolian@ymbearing.com','andy@myxiequ.com','↘【 胜任素质建模与应用 】↙/7416','OK','@.spam/M0MF28OT','MGSPAM-commtouch-2','utf-8\n','2012-08-21 07:21:07','2012-08-21 07:21:07'),(5580,'2012-08-12 16:31:08','31894-5027DA49.000526D6','Mail.RL ','resume@quickmail.51job.com','gavin@myxiequ.com','(51job.com)申请贵公司客服经理（上海-普陀区）－李海霞 /65192','OK',NULL,'MGHAM-compute_score-2','utf-8\n','2012-08-21 07:21:07','2012-08-21 07:21:07'),(5581,'2012-08-12 16:39:19','31910-5027DC34.000DC430','Mail.RL ','delivery@mx.sailthru.com','ivan@myxiequ.com','Plodes Studio Foam Furniture & Redwood Tables. Electronic Flower & Herb Planters. Scout Books. Ceramic Birdhouses. Bright Upcycled Bags. Foldable Flats. Fine Forged Jewelry. Luxe Linens. Stylish Shelving. Workout Gear. Stunning Socks./87497','OK',NULL,'MGHAM-compute_score-2','utf-8\n','2012-08-21 07:21:07','2012-08-21 07:21:07'),(5582,'2012-08-12 16:44:09','31910-5027DD57.00069D7D','Mail.RL ','djzhang@nwipb.ac.cn','young@myxiequ.com','產品經～理的野υ蠻成長/11290','OK','@.spam/PANF28BE','MGSPAM-commtouch-51','utf-8\n','2012-08-21 07:21:07','2012-08-21 07:21:07'),(5583,'2012-08-12 16:48:26','31699-5027DE58.0001849E','Mail.RL ','nagios@localhost.localdomain','shaozhihu@myxiequ.com','** PROBLEM Host Alert: winserver is DOWN **/865','OK',NULL,'MGPASS--40','utf-8\n','2012-08-21 07:21:07','2012-08-21 07:21:07'),(5584,'2012-08-12 16:50:39','31877-5027DEDC.00087EF7','Mail.RL ','lqydm@cgf.com','service@myxiequ.com','薪酬与er能力关系/60323','OK','@.spam/VMNF28TL','MGSPAM-commtouch-40','utf-8\n','2012-08-21 07:21:07','2012-08-21 07:21:07'),(5585,'2012-08-12 16:55:20','31899-5027DFF6.00026AE2','Mail.RL ','xeom@mgjzu.net','young@myxiequ.com','c9weg[涉w外e商w务e谈xs判a技a巧]/10183','OK','@.spam/OVNF2829','MGSPAM-commtouch-51','utf-8\n','2012-08-21 07:21:07','2012-08-21 07:21:07'),(5586,'2012-08-12 17:05:57','31911-5027E273.00004591','Mail.RL ','ve@fzhbiv.net','young@myxiequ.com','z9daw[客w户e抱a怨s处c理x技w巧]/12150','OK','@.spam/LJOF28M4','MGSPAM-commtouch-51','utf-8\n','2012-08-21 07:21:07','2012-08-21 07:21:07'),(5587,'2012-08-12 17:18:15','8920-5027E554.0007CFFA','Mail.RL ','yu@iqkkrjzz.com','young@myxiequ.com','z6swf[高a级e文w秘c职v能s训m练]/11571','OK','@.spam/NAPF28HH','MGSPAM-commtouch-51','utf-8\n','2012-08-21 07:21:07','2012-08-21 07:21:07'),(5588,'2012-08-12 17:18:24','8920-5027E560.0002CFBC','Mail.RL ','nagios@localhost.localdomain','shaozhihu@myxiequ.com','** PROBLEM Host Alert: winserver is DOWN **/864','OK',NULL,'MGPASS--40','utf-8\n','2012-08-21 07:21:07','2012-08-21 07:21:07'),(5589,'2012-08-12 17:24:35','9046-5027E6CF.0003F353','Mail.RL ','chuanrong@chinamsr.com','andy@myxiequ.com','新上任研发经理：如何提升领导力与执行力？/12332','OK','@.spam/JMPF28R9','MGSPAM-commtouch-2','utf-8\n','2012-08-21 07:21:07','2012-08-21 07:21:07'),(5590,'2012-08-12 17:26:32','9046-5027E745.0009D339','Mail.RL ','resume@quickmail.51job.com','tomwang@myxiequ.com','(51job.com)申请贵公司数据统计员（苏州）－甘东雅 /58894','OK','@.spam/8QPF2818','MGSPAM-compute_score-51','utf-8\n','2012-08-21 07:21:07','2012-08-21 07:21:07'),(5591,'2012-08-12 17:26:56','9046-5027E75C.000819BF','Mail.RL ','person@carbonair.com','angela@myxiequ.com','新上任研发经理：如何提升领导力与执行力？/12326','OK','@.spam/0RPF28O7','MGSPAM-commtouch-2','utf-8\n','2012-08-21 07:21:07','2012-08-21 07:21:07'),(5592,'2012-08-12 17:31:06','9034-5027E858.000B39CA','Mail.RL ','edsd@fq.net','young@myxiequ.com','c8gcs[劳s务a派c遣e操v作u实w务]/15085','OK','@.spam/Q2QF286A','MGSPAM-commtouch-51','utf-8\n','2012-08-21 07:21:07','2012-08-21 07:21:07'),(5593,'2012-08-12 17:47:35','9006-5027EC36.000E681B','Mail.RL ','aftiqlvf@pincs.org','young@myxiequ.com','c6vew[部x门e经w理v能c力a提w升]/13784','OK','@.spam/N1RF28ND','MGSPAM-commtouch-51','utf-8\n','2012-08-21 07:21:07','2012-08-21 07:21:07'),(5594,'2012-08-12 17:48:24','8920-5027EC68.0001AD1D','Mail.RL ','nagios@localhost.localdomain','shaozhihu@myxiequ.com','** PROBLEM Host Alert: winserver is DOWN **/864','OK',NULL,'MGPASS--40','utf-8\n','2012-08-21 07:21:07','2012-08-21 07:21:07'),(5595,'2012-08-12 18:00:20','9029-5027EF33.000E0059','Mail.RL ',NULL,'gavin@myxiequ.com','垃圾信拦截明细列表.html/13673','OK',NULL,'MGHAM--0','utf-8\n','2012-08-21 07:21:07','2012-08-21 07:21:07'),(5596,'2012-08-12 18:00:20','9021-5027EF34.0006C0F5','Mail.RL ',NULL,'service@myxiequ.com','垃圾信拦截明细列表.html/16527','OK',NULL,'MGHAM--0','utf-8\n','2012-08-21 07:21:07','2012-08-21 07:21:07'),(5597,'2012-08-12 18:00:20','9030-5027EF33.0007BC22','Mail.RL ',NULL,'andy@myxiequ.com','垃圾信拦截明细列表.html/17191','OK',NULL,'MGHAM--0','utf-8\n','2012-08-21 07:21:07','2012-08-21 07:21:07'),(5598,'2012-08-12 18:00:20','9018-5027EF34.000968F4','Mail.RL ',NULL,'wendy@myxiequ.com','垃圾信拦截明细列表.html/13685','OK',NULL,'MGHAM--0','utf-8\n','2012-08-21 07:21:07','2012-08-21 07:21:07'),(5599,'2012-08-12 18:00:20','9022-5027EF34.0007CDCC','Mail.RL ',NULL,'tomwang@myxiequ.com','垃圾信拦截明细列表.html/13799','OK',NULL,'MGHAM--0','utf-8\n','2012-08-21 07:21:07','2012-08-21 07:21:07'),(5600,'2012-08-12 18:00:20','9017-5027EF33.00084589','Mail.RL ',NULL,'angela@myxiequ.com','垃圾信拦截明细列表.html/13735','OK',NULL,'MGHAM--0','utf-8\n','2012-08-21 07:21:07','2012-08-21 07:21:07'),(5601,'2012-08-12 18:00:23','9029-5027EF34.000B9FB6','Mail.RL ',NULL,'young@myxiequ.com','垃圾信拦截明细列表.html/37257','OK',NULL,'MGHAM--0','utf-8\n','2012-08-21 07:21:07','2012-08-21 07:21:07'),(5602,'2012-08-12 18:10:00','9018-5027F175.0006E048','Mail.RL ','xiaojie@jccmat.org','young@myxiequ.com','优秀的部门经η理187501/11318','OK','@.spam/OBSF285D','MGSPAM-commtouch-51','utf-8\n','2012-08-21 07:21:07','2012-08-21 07:21:07'),(5603,'2012-08-12 18:12:12','13669-5027F1FB.000D0B49','Mail.RL ','hr@shocom.cn','service@myxiequ.com','3)给研发人员分派工作的原则-贾学江/49637','OK','MGVIRUS-DELIVER-mail_type-40','VIRUS Commtouch','utf-8\n','2012-08-21 07:21:07','2012-08-21 07:21:07'),(5604,'2012-08-12 18:18:25','13669-5027F370.000238E6','Mail.RL ','nagios@localhost.localdomain','shaozhihu@myxiequ.com','** PROBLEM Host Alert: winserver is DOWN **/864','OK',NULL,'MGPASS--40','utf-8\n','2012-08-21 07:21:07','2012-08-21 07:21:07'),(5605,'2012-08-12 18:48:27','13770-5027FA78.00027C16','Mail.RL ','nagios@localhost.localdomain','shaozhihu@myxiequ.com','** PROBLEM Host Alert: winserver is DOWN **/864','OK',NULL,'MGPASS--40','utf-8\n','2012-08-21 07:21:07','2012-08-21 07:21:07'),(5606,'2012-08-12 19:03:14','13669-5027FDF0.000E3D44','Mail.RL ','hello@t.groupon.com.tw','ivan@myxiequ.com','12000mAh行動電源 / 時尚香氛水氧機 / 歌林蒸氣燙衣機 / 抗漲必買五月花/68200','OK',NULL,'MGHAM-header_match_any-40','utf-8\n','2012-08-21 07:21:07','2012-08-21 07:21:07'),(5607,'2012-08-12 19:18:24','18498-5028017F.000F3818','Mail.RL ','nagios@localhost.localdomain','shaozhihu@myxiequ.com','** PROBLEM Host Alert: winserver is DOWN **/865','OK',NULL,'MGPASS--40','utf-8\n','2012-08-21 07:21:07','2012-08-21 07:21:07'),(5608,'2012-08-12 19:18:59','18581-502801A2.0005ACA4','Mail.RL ','resume@quickmail.51job.com','gavin@myxiequ.com','(51job.com)申请贵公司客服经理（上海-普陀区）－吴伟 /316846','OK',NULL,'MGHAM-data_size-40','utf-8\n','2012-08-21 07:21:07','2012-08-21 07:21:07'),(5609,'2012-08-12 19:32:03','18581-502804B2.0003980D','Mail.RL ','service@account.99bill.com','finance@myxiequ.com','快钱对账单(99bill_资金日汇总表（按交易类型）_2012-08-12)/9641','OK',NULL,'MGHAM-compute_score-2','utf-8\n','2012-08-21 07:21:07','2012-08-21 07:21:07'),(5610,'2012-08-12 19:35:00','18581-50280562.00032E1A','Mail.RL ','zhlq@qhkj.gov.cn','young@myxiequ.com','成r功的产w品经u理-任甫恩/51158','OK','MGVIRUS-DELIVER-mail_type-40','VIRUS Commtouch','utf-8\n','2012-08-21 07:21:07','2012-08-21 07:21:07'),(5611,'2012-08-12 19:39:47','18588-50280681.000DBA79','Mail.RL ','fghbdf56120@jxfy.gov.cn','service@myxiequ.com','jn信*誉136-8644-2697%承*諾/906','OK','@.spam/3K1G28BQ','MGSPAM-commtouch-2','utf-8\n','2012-08-21 07:21:07','2012-08-21 07:21:07'),(5612,'2012-08-12 19:48:26','18588-50280888.0003C709','Mail.RL ','nagios@localhost.localdomain','shaozhihu@myxiequ.com','** PROBLEM Host Alert: winserver is DOWN **/865','OK',NULL,'MGPASS--40','utf-8\n','2012-08-21 07:21:07','2012-08-21 07:21:07'),(5613,'2012-08-12 20:02:09','18589-50280BBD.00084B37','Mail.LL ','root@mg.myxiequ.com','root@myxiequ.com','Logwatch for mg.myxiequ.com (Linux)/6718','FAIL 550 User (root@myxiequ.com) unknown.',NULL,'MGHAM--0','utf-8\n','2012-08-21 07:21:07','2012-08-21 07:21:07'),(5614,'2012-08-12 20:02:13','18588-50280BC1.000A866D','Mail.RL ',NULL,'root@mg.myxiequ.com','Returned Mail: 550 User (root@myxiequ.com) unknown./7420','FAIL User unknown',NULL,'MGHAM--0','utf-8\n','2012-08-21 07:21:07','2012-08-21 07:21:07'),(5615,'2012-08-12 20:18:26','23849-50280F90.0001E810','Mail.RL ','nagios@localhost.localdomain','shaozhihu@myxiequ.com','** PROBLEM Host Alert: winserver is DOWN **/865','OK',NULL,'MGPASS--40','utf-8\n','2012-08-21 07:21:07','2012-08-21 07:21:07'),(5616,'2012-08-12 20:26:54','23849-5028118D.000C10F9','Mail.RL ','xmnocr259@gzzhonghui.com','service@myxiequ.com','【模具优化设计与使用】--130148/5525','OK','@.spam/EC4G2833','MGSPAM-commtouch-2','utf-8\n','2012-08-21 07:21:07','2012-08-21 07:21:07'),(5617,'2012-08-12 20:44:46','23868-502815BC.0004E0EC','Mail.RL ','365635782@qq.com','daphne@myxiequ.com','断码促销/5195','OK',NULL,'MGHAM-compute_score-2','utf-8\n','2012-08-21 07:21:07','2012-08-21 07:21:07'),(5618,'2012-08-12 20:48:26','23720-50281697.000EABF1','Mail.RL ','nagios@localhost.localdomain','shaozhihu@myxiequ.com','** PROBLEM Host Alert: winserver is DOWN **/865','OK',NULL,'MGPASS--40','utf-8\n','2012-08-21 07:21:07','2012-08-21 07:21:07'),(5619,'2012-08-12 21:18:25','28597-50281DA0.0003635D','Mail.RL ','nagios@localhost.localdomain','shaozhihu@myxiequ.com','** PROBLEM Host Alert: winserver is DOWN **/865','OK',NULL,'MGPASS--40','utf-8\n','2012-08-21 07:21:07','2012-08-21 07:21:07'),(5620,'2012-08-12 21:44:15','28597-502823AA.00060A1E','Mail.RL ','info@yenimerhaba.com','service@myxiequ.com',' 你好: 有全国  正规《机打《发《票》 代开电：136 4060 8178QQ：144 366 8324/4530','OK','@.spam/FT8G282C','MGSPAM-compute_score-51','utf-8\n','2012-08-21 07:21:07','2012-08-21 07:21:07'),(5621,'2012-08-12 21:47:51','28597-50282485.000A0F61','Mail.RL ','kienswu@plkrj.net','gavin@myxiequ.com','c9weg[涉w外e商w务e谈xs判a技a巧]/10197','OK','@.spam/749G28Q2','MGSPAM-commtouch-51','utf-8\n','2012-08-21 07:21:07','2012-08-21 07:21:07'),(5622,'2012-08-12 21:48:25','28519-502824A8.0000D5B5','Mail.RL ','nagios@localhost.localdomain','shaozhihu@myxiequ.com','** PROBLEM Host Alert: winserver is DOWN **/865','OK',NULL,'MGPASS--40','utf-8\n','2012-08-21 07:21:07','2012-08-21 07:21:07'),(5623,'2012-08-12 22:09:10','28701-50282982.000F16F7','Mail.RL ','sz@umywfsq.net','gavin@myxiequ.com','z6swf[高a级e文w秘c职v能s训m练]/11559','OK','@.spam/6CAG288D','MGSPAM-commtouch-51','utf-8\n','2012-08-21 07:21:07','2012-08-21 07:21:07'),(5624,'2012-08-12 22:18:24','914-50282BAF.000D8D52','Mail.RL ','nagios@localhost.localdomain','shaozhihu@myxiequ.com','** PROBLEM Host Alert: winserver is DOWN **/863','OK',NULL,'MGPASS--40','utf-8\n','2012-08-21 07:21:07','2012-08-21 07:21:07'),(5625,'2012-08-12 22:34:54','1070-50282F8E.0003C192','Mail.RL ','tultdjk@ugjj.net','gavin@myxiequ.com','c8gcs[劳s务a派c遣e操v作u实w务]/15099','OK','@.spam/ESBG2851','MGSPAM-commtouch-51','utf-8\n','2012-08-21 07:21:07','2012-08-21 07:21:07'),(5626,'2012-08-12 22:43:08','1077-50283179.0009116B','Mail.RL ','yq@vdyczls.net','sarah@myxiequ.com','c9weg[涉w外e商w务e谈xs判a技a巧]/10180','OK','@.spam/SBCG286U','MGSPAM-commtouch-51','utf-8\n','2012-08-21 07:21:07','2012-08-21 07:21:07'),(5627,'2012-08-12 22:48:25','1057-502832B8.00003A65','Mail.RL ','nagios@localhost.localdomain','shaozhihu@myxiequ.com','** PROBLEM Host Alert: winserver is DOWN **/863','OK',NULL,'MGPASS--40','utf-8\n','2012-08-21 07:21:07','2012-08-21 07:21:07'),(5628,'2012-08-12 22:52:54','1074-502833C6.000080D9','Mail.RL ','nmnwdtyy@unwnunwqq.net','gavin@myxiequ.com','c6vew[部x门e经w理v能c力a提w升]/13795','OK','@.spam/6UCG28P3','MGSPAM-commtouch-51','utf-8\n','2012-08-21 07:21:07','2012-08-21 07:21:07'),(5629,'2012-08-12 23:02:15','1074-502835F7.0001529E','Mail.RL ','ggw@ajnxafql.com','sarah@myxiequ.com','z9daw[客w户e抱a怨s处c理x技w巧]/12158','OK','@.spam/NFDG28LT','MGSPAM-commtouch-51','utf-8\n','2012-08-21 07:21:07','2012-08-21 07:21:07'),(5630,'2012-08-12 23:05:49','1074-502836CB.000C457B','Mail.RL ','yp@qtbrnfz.com','sarah@myxiequ.com','z6swf[高a级e文w秘c职v能s训m练]/11560','OK','@.spam/DMDG28OH','MGSPAM-commtouch-51','utf-8\n','2012-08-21 07:21:07','2012-08-21 07:21:07'),(5631,'2012-08-12 23:18:26','6014-502839BF.000DE021','Mail.RL ','nagios@localhost.localdomain','shaozhihu@myxiequ.com','** PROBLEM Host Alert: winserver is DOWN **/864','OK',NULL,'MGPASS--40','utf-8\n','2012-08-21 07:21:07','2012-08-21 07:21:07'),(5632,'2012-08-12 23:20:13','6014-50283A2A.000AA459','Mail.RL ','oyyzkrp@plxo.com','service@myxiequ.com','z9daw[客w户e抱a怨s处c理x技w巧]/12156','OK','@.spam/DHEG286J','MGSPAM-commtouch-51','utf-8\n','2012-08-21 07:21:07','2012-08-21 07:21:07'),(5633,'2012-08-12 23:20:49','6014-50283A50.000022DE','Mail.RL ','ulhhrfe@om.com','service@myxiequ.com','z6swf[高a级e文w秘c职v能s训m练]/11560','OK','@.spam/HIEG28JB','MGSPAM-commtouch-51','utf-8\n','2012-08-21 07:21:07','2012-08-21 07:21:07'),(5634,'2012-08-12 23:31:14','6030-50283CBD.000D4DAB','Mail.RL ','delivery@mx.sailthru.com','ivan@myxiequ.com','Richart Parisian Sweets, Wine-Paired Cookies, Fagor Kitchen Tools, High Tea Treats, Gourmet Pancake Mixes, Punchy Popsicle Molds, Mr. Beer Home Brewing, Hangover-Ready Multivitamins, DeBragga Meats, S\'more Bakery & More Foodie Treats./67977','OK','@.spam/26FG28JP','MGSPAM-commtouch-2','utf-8\n','2012-08-21 07:21:07','2012-08-21 07:21:07'),(5635,'2012-08-12 23:34:57','6026-50283D9F.0003DCB0','Mail.RL ','vqgy@xbtdhgzg.net','sarah@myxiequ.com','c8gcs[劳s务a派c遣e操v作u实w务]/15110','OK','@.spam/1DFG28JQ','MGSPAM-commtouch-51','utf-8\n','2012-08-21 07:21:07','2012-08-21 07:21:07'),(5636,'2012-08-12 23:36:01','6026-50283DDC.00072346','Mail.RL ','xinyicuba@aiajobs.com','gavin@myxiequ.com','新上任研发经理：如何提升领导力与执行力？/12345','OK','@.spam/1FFG28R4','MGSPAM-commtouch-2','utf-8\n','2012-08-21 07:21:07','2012-08-21 07:21:07'),(5637,'2012-08-12 23:48:26','6006-502840C7.0009BB14','Mail.RL ','nagios@localhost.localdomain','shaozhihu@myxiequ.com','** PROBLEM Host Alert: winserver is DOWN **/864','OK',NULL,'MGPASS--40','utf-8\n','2012-08-21 07:21:07','2012-08-21 07:21:07'),(5638,'2012-08-12 23:51:08','5830-5028416B.00003D47','Mail.RL ','nb@ggbmpzo.com','service@myxiequ.com','c8gcs[劳s务a派c遣e操v作u实w务]/15097','OK','@.spam/CBGG28MG','MGSPAM-commtouch-51','utf-8\n','2012-08-21 07:21:07','2012-08-21 07:21:07'),(5639,'2012-08-13 00:00:24','5830-50284395.000CAFC3','Mail.RL ',NULL,'service@myxiequ.com','垃圾信拦截明细列表.html/30361','OK',NULL,'MGHAM--0','utf-8\n','2012-08-21 07:21:07','2012-08-21 07:21:07'),(5640,'2012-08-13 00:00:24','5933-50284395.0005AAD2','Mail.RL ',NULL,'ivan@myxiequ.com','垃圾信攔截明細列表/13565','OK',NULL,'MGHAM--0','utf-8\n','2012-08-21 07:21:07','2012-08-21 07:21:07'),(5641,'2012-08-13 00:00:24','6017-50284396.000197A5','Mail.RL ',NULL,'young@myxiequ.com','垃圾信拦截明细列表.html/13695','OK',NULL,'MGHAM--0','utf-8\n','2012-08-21 07:21:07','2012-08-21 07:21:07'),(5642,'2012-08-13 00:00:24','6005-50284395.0004079D','Mail.RL ',NULL,'gavin@myxiequ.com','垃圾信拦截明细列表.html/27125','OK',NULL,'MGHAM--0','utf-8\n','2012-08-21 07:21:07','2012-08-21 07:21:07'),(5643,'2012-08-13 00:00:24','6025-50284395.000BEE1E','Mail.RL ',NULL,'sarah@myxiequ.com','垃圾信拦截明细列表.html/23651','OK',NULL,'MGHAM--0','utf-8\n','2012-08-21 07:21:07','2012-08-21 07:21:07'),(5644,'2012-08-13 00:01:12','6006-502843C4.000B414D','Mail.RL ','haidaz@tiangemedia.com','grace@myxiequ.com','新上任研发经理：如何提升领导力与执行力？/12332','OK','@.spam/8UGG28I5','MGSPAM-commtouch-2','utf-8\n','2012-08-21 07:21:07','2012-08-21 07:21:07'),(5645,'2012-08-13 00:04:45','6006-5028449B.0009EE51','Mail.RL ','774018837@qq.com','wangguang@myxiequ.com','回复：双周工作会议/5220','OK',NULL,'MGHAM-compute_score-2','utf-8\n','2012-08-21 07:21:07','2012-08-21 07:21:07'),(5646,'2012-08-13 00:04:45','6006-5028449B.0009EE51','Mail.RL ','774018837@qq.com','xiaopeiqun@myxiequ.com','回复：双周工作会议/5220','OK',NULL,'MGHAM-compute_score-2','utf-8\n','2012-08-21 07:21:08','2012-08-21 07:21:08'),(5647,'2012-08-13 00:04:45','6006-5028449B.0009EE51','Mail.RL ','774018837@qq.com','zhanghai@myxiequ.com','回复：双周工作会议/5220','OK',NULL,'MGHAM-compute_score-2','utf-8\n','2012-08-21 07:21:08','2012-08-21 07:21:08'),(5648,'2012-08-13 00:04:45','6013-5028449B.0004300E','Mail.RL ','774018837@qq.com','andy@myxiequ.com','回复：双周工作会议/5220','OK',NULL,'MGHAM-compute_score-2','utf-8\n','2012-08-21 07:21:08','2012-08-21 07:21:08'),(5649,'2012-08-13 00:04:45','6013-5028449B.0004300E','Mail.RL ','774018837@qq.com','angela@myxiequ.com','回复：双周工作会议/5220','OK',NULL,'MGHAM-compute_score-2','utf-8\n','2012-08-21 07:21:08','2012-08-21 07:21:08'),(5650,'2012-08-13 00:04:45','6013-5028449B.0004300E','Mail.RL ','774018837@qq.com','carrie@myxiequ.com','回复：双周工作会议/5220','OK',NULL,'MGHAM-compute_score-2','utf-8\n','2012-08-21 07:21:08','2012-08-21 07:21:08'),(5651,'2012-08-13 00:04:46','6013-5028449B.0004300E','Mail.RL ','774018837@qq.com','gavin@myxiequ.com','回复：双周工作会议/5220','OK',NULL,'MGHAM-compute_score-2','utf-8\n','2012-08-21 07:21:08','2012-08-21 07:21:08'),(5652,'2012-08-13 00:04:46','6013-5028449B.0004300E','Mail.RL ','774018837@qq.com','grace@myxiequ.com','回复：双周工作会议/5220','OK',NULL,'MGHAM-compute_score-2','utf-8\n','2012-08-21 07:21:08','2012-08-21 07:21:08'),(5653,'2012-08-13 00:04:46','6013-5028449B.0004300E','Mail.RL ','774018837@qq.com','irene@myxiequ.com','回复：双周工作会议/5220','OK',NULL,'MGHAM-compute_score-2','utf-8\n','2012-08-21 07:21:08','2012-08-21 07:21:08'),(5654,'2012-08-13 00:04:46','6013-5028449B.0004300E','Mail.RL ','774018837@qq.com','ivan@myxiequ.com','回复：双周工作会议/5220','OK',NULL,'MGHAM-compute_score-2','utf-8\n','2012-08-21 07:21:08','2012-08-21 07:21:08'),(5655,'2012-08-13 00:04:46','6013-5028449B.0004300E','Mail.RL ','774018837@qq.com','michael@myxiequ.com','回复：双周工作会议/5220','OK',NULL,'MGHAM-compute_score-2','utf-8\n','2012-08-21 07:21:08','2012-08-21 07:21:08'),(5656,'2012-08-13 00:04:46','6013-5028449B.0004300E','Mail.RL ','774018837@qq.com','sarah@myxiequ.com','回复：双周工作会议/5220','OK',NULL,'MGHAM-compute_score-2','utf-8\n','2012-08-21 07:21:08','2012-08-21 07:21:08'),(5657,'2012-08-13 00:04:46','6013-5028449B.0004300E','Mail.RL ','774018837@qq.com','tomwang@myxiequ.com','回复：双周工作会议/5220','OK',NULL,'MGHAM-compute_score-2','utf-8\n','2012-08-21 07:21:08','2012-08-21 07:21:08'),(5658,'2012-08-13 00:09:44','6013-502845C7.0008B6F8','Mail.RL ','work@tc-hmt-cron00.tc.baidu.com','ivan@myxiequ.com','myxiequ.com-百度统计全部来源报告_20120812-20120812/317787','OK',NULL,'MGHAM-data_size-40','utf-8\n','2012-08-21 07:21:08','2012-08-21 07:21:08'),(5659,'2012-08-13 00:13:00','10675-50284688.00042B3B','Mail.RL ','work@tc-hmt-cron00.tc.baidu.com','ivan@myxiequ.com','myxiequ.com-百度统计受访页面报告_20120812-20120812/257128','OK',NULL,'MGHAM-compute_score-2','utf-8\n','2012-08-21 07:21:08','2012-08-21 07:21:08'),(5660,'2012-08-13 00:13:00','10697-50284688.000473B1','Mail.RL ','work@tc-hmt-cron00.tc.baidu.com','ivan@myxiequ.com','myxiequ.com-百度统计受访页面报告_20120806-20120812/283449','OK',NULL,'MGHAM-compute_score-2','utf-8\n','2012-08-21 07:21:08','2012-08-21 07:21:08'),(5661,'2012-08-13 00:13:00','10756-50284688.00019704','Mail.RL ','work@tc-hmt-cron00.tc.baidu.com','ivan@myxiequ.com','myxiequ.com-百度统计受访页面报告_20120806-20120812/283449','OK',NULL,'MGHAM-compute_score-2','utf-8\n','2012-08-21 07:21:08','2012-08-21 07:21:08'),(5662,'2012-08-13 00:13:09','10756-50284694.00069FD4','Mail.RL ','ylhgokepg@wyubtfsze.com','service@myxiequ.com','c6vew[部x门e经w理v能c力a提w升]/13796','OK','@.spam/LKHG28IJ','MGSPAM-commtouch-51','utf-8\n','2012-08-21 07:21:08','2012-08-21 07:21:08'),(5663,'2012-08-13 00:14:26','10756-502846E1.000CD520','Mail.RL ','774018837@qq.com','gavin@myxiequ.com','回复： 2012年秋款上架计划表（更正）/6783','OK',NULL,'MGHAM-compute_score-2','utf-8\n','2012-08-21 07:21:08','2012-08-21 07:21:08'),(5664,'2012-08-13 00:14:26','10756-502846E1.000CD520','Mail.RL ','774018837@qq.com','rubyzhang@myxiequ.com','回复： 2012年秋款上架计划表（更正）/6783','OK',NULL,'MGHAM-compute_score-2','utf-8\n','2012-08-21 07:21:08','2012-08-21 07:21:08'),(5665,'2012-08-13 00:14:26','10756-502846E1.000CD520','Mail.RL ','774018837@qq.com','tomwang@myxiequ.com','回复： 2012年秋款上架计划表（更正）/6783','OK',NULL,'MGHAM-compute_score-2','utf-8\n','2012-08-21 07:21:08','2012-08-21 07:21:08'),(5666,'2012-08-13 00:14:26','10756-502846E1.000CD520','Mail.RL ','774018837@qq.com','wangguang@myxiequ.com','回复： 2012年秋款上架计划表（更正）/6783','OK',NULL,'MGHAM-compute_score-2','utf-8\n','2012-08-21 07:21:08','2012-08-21 07:21:08'),(5667,'2012-08-13 00:14:54','10697-502846FC.00036D62','Mail.RL ','344367225+auto_=service=myxiequ.com@qq.com','service@myxiequ.com','自动回复:加入麦鞋趣 享受VIP特权！/1298','OK',NULL,'MGHAM-compute_score-2','utf-8\n','2012-08-21 07:21:08','2012-08-21 07:21:08'),(5668,'2012-08-13 00:18:25','10697-502847D0.00043991','Mail.RL ','nagios@localhost.localdomain','shaozhihu@myxiequ.com','** PROBLEM Host Alert: winserver is DOWN **/864','OK',NULL,'MGPASS--40','utf-8\n','2012-08-21 07:21:08','2012-08-21 07:21:08'),(5669,'2012-08-13 00:23:09','10755-502848E9.000BBD27','Mail.RL ','774018837@qq.com','wangguang@myxiequ.com','回复：答复: 回复：关于秋冬货品及冬鞋旧款销售事宜/21555','OK',NULL,'MGHAM-compute_score-2','utf-8\n','2012-08-21 07:21:08','2012-08-21 07:21:08'),(5670,'2012-08-13 00:23:10','10696-502848EC.00079FCB','Mail.RL ','276487547+auto_=wangguang=myxiequ.com@qq.com','wangguang@myxiequ.com','回复：答复: 回复：关于秋冬货品及冬鞋旧款销售事宜/21166','OK',NULL,'MGHAM-compute_score-2','utf-8\n','2012-08-21 07:21:08','2012-08-21 07:21:08'),(5671,'2012-08-13 00:35:35','10756-50284BD4.000B3DD4','Mail.RL ','774018837@qq.com','ava@myxiequ.com','回复：2012秋季起所有商品进昆山仓库/20902','OK',NULL,'MGHAM-compute_score-2','utf-8\n','2012-08-21 07:21:08','2012-08-21 07:21:08'),(5672,'2012-08-13 00:35:35','10756-50284BD4.000B3DD4','Mail.RL ','774018837@qq.com','coverlong@myxiequ.com','回复：2012秋季起所有商品进昆山仓库/20902','OK',NULL,'MGHAM-compute_score-2','utf-8\n','2012-08-21 07:21:08','2012-08-21 07:21:08'),(5673,'2012-08-13 00:35:35','10756-50284BD4.000B3DD4','Mail.RL ','774018837@qq.com','gavin@myxiequ.com','回复：2012秋季起所有商品进昆山仓库/20902','OK',NULL,'MGHAM-compute_score-2','utf-8\n','2012-08-21 07:21:08','2012-08-21 07:21:08'),(5674,'2012-08-13 00:35:35','10756-50284BD4.000B3DD4','Mail.RL ','774018837@qq.com','irene@myxiequ.com','回复：2012秋季起所有商品进昆山仓库/20902','OK',NULL,'MGHAM-compute_score-2','utf-8\n','2012-08-21 07:21:08','2012-08-21 07:21:08'),(5675,'2012-08-13 00:35:35','10756-50284BD4.000B3DD4','Mail.RL ','774018837@qq.com','ivan@myxiequ.com','回复：2012秋季起所有商品进昆山仓库/20902','OK',NULL,'MGHAM-compute_score-2','utf-8\n','2012-08-21 07:21:08','2012-08-21 07:21:08'),(5676,'2012-08-13 00:43:56','10756-50284DCB.000DA3BC','Mail.RL ','zjtk@sxtvs.com','service@myxiequ.com','成m功的产p品经p理-钟树雨/51253','OK','MGVIRUS-DELIVER-mail_type-40','VIRUS Commtouch','utf-8\n','2012-08-21 07:21:08','2012-08-21 07:21:08'),(5677,'2012-08-13 00:45:53','10755-50284E40.00091FC7','Mail.RL ','ghzyu@ljfbrn.org','wangguang@myxiequ.com','sdy3k[新ws产aw品w开se发c策ew略]/11778','OK','@.spam/1IJG28SI','MGSPAM-commtouch-51','utf-8\n','2012-08-21 07:21:08','2012-08-21 07:21:08'),(5678,'2012-08-13 00:48:26','10755-50284ED8.00022107','Mail.RL ','nagios@localhost.localdomain','shaozhihu@myxiequ.com','** PROBLEM Host Alert: winserver is DOWN **/864','OK',NULL,'MGPASS--40','utf-8\n','2012-08-21 07:21:08','2012-08-21 07:21:08'),(5679,'2012-08-13 00:53:22','10675-50284FFD.0004EAA0','Mail.RL ','276487547+auto_=wangguang=myxiequ.com@qq.com','wangguang@myxiequ.com','回复：单品价格申请/7610','OK',NULL,'MGHAM-compute_score-2','utf-8\n','2012-08-21 07:21:08','2012-08-21 07:21:08'),(5680,'2012-08-13 01:04:59','10675-502852B9.00016555','Mail.RL ','774018837@qq.com','gavin@myxiequ.com','回复：通知/4554','OK',NULL,'MGHAM-compute_score-2','utf-8\n','2012-08-21 07:21:08','2012-08-21 07:21:08'),(5681,'2012-08-13 01:04:59','10675-502852B9.00016555','Mail.RL ','774018837@qq.com','irene@myxiequ.com','回复：通知/4554','OK',NULL,'MGHAM-compute_score-2','utf-8\n','2012-08-21 07:21:08','2012-08-21 07:21:08'),(5682,'2012-08-13 01:04:59','10675-502852B9.00016555','Mail.RL ','774018837@qq.com','ivan@myxiequ.com','回复：通知/4554','OK',NULL,'MGHAM-compute_score-2','utf-8\n','2012-08-21 07:21:08','2012-08-21 07:21:08'),(5683,'2012-08-13 01:05:00','10771-502852BA.0007D88E','Mail.RL ','276487547+auto_=wangguang=myxiequ.com@qq.com','wangguang@myxiequ.com','回复：通知/4170','OK',NULL,'MGHAM-compute_score-2','utf-8\n','2012-08-21 07:21:08','2012-08-21 07:21:08'),(5684,'2012-08-13 01:08:39','10771-50285391.000E6A0F','Mail.RL ','wuyc@smartspread.net','anna@myxiequ.com','新闻稿五个不同版本，有待审核/5192035','OK',NULL,'MGHAM-data_size-40','utf-8\n','2012-08-21 07:21:08','2012-08-21 07:21:08'),(5685,'2012-08-13 01:09:43','10673-502853D2.00047590','Mail.RL ','lisa@bonbonsmode.com.tw','irene@myxiequ.com','Fwd: 答复: 答复: 紧急！商品需要市场数据检讨业绩/53225','OK',NULL,'MGHAM-compute_score-2','utf-8\n','2012-08-21 07:21:08','2012-08-21 07:21:08'),(5686,'2012-08-13 01:18:00','15418-502855C4.000D3BE2','Mail.RL ','276487547+auto_=wangguang=myxiequ.com@qq.com','wangguang@myxiequ.com','关于样品拍照返仓问题反馈！/26044','OK',NULL,'MGHAM-header_match_any-40','utf-8\n','2012-08-21 07:21:08','2012-08-21 07:21:08'),(5687,'2012-08-13 01:18:25','15515-502855DF.000C5ED2','Mail.RL ','nagios@localhost.localdomain','shaozhihu@myxiequ.com','** PROBLEM Host Alert: winserver is DOWN **/864','OK',NULL,'MGPASS--40','utf-8\n','2012-08-21 07:21:08','2012-08-21 07:21:08'),(5688,'2012-08-13 01:18:55','15419-502855FB.0001F12B','Mail.RL ','276487547+auto_=wangguang=myxiequ.com@qq.com','wangguang@myxiequ.com','答复: 回复：通知/25031','OK',NULL,'MGHAM-compute_score-2','utf-8\n','2012-08-21 07:21:08','2012-08-21 07:21:08'),(5689,'2012-08-13 01:18:55','15519-502855FE.000C13BD','Mail.RL ','xl@zyptppk.com','ivan@myxiequ.com','d3wye[涉w外e商w务e谈xs判a技a巧]/10186','OK','@.spam/VFLG28SH','MGSPAM-commtouch-51','utf-8\n','2012-08-21 07:21:08','2012-08-21 07:21:08'),(5690,'2012-08-13 01:25:27','15419-5028577F.0007C5FE','Mail.RL ','kastssenk@timemini.com','irene@myxiequ.com','^v^ 研发质量管理～保证产品质量的6个根基 ^v^/11518','OK','@.spam/7SLG28E0','MGSPAM-commtouch-2','utf-8\n','2012-08-21 07:21:08','2012-08-21 07:21:08'),(5691,'2012-08-13 01:29:24','15419-5028586F.00097262','Mail.RL ','resume@quickmail.51job.com','andy@myxiequ.com','(51job.com)申请贵公司系统管理员（上海-普陀区）－魏巍 /211668','OK','@.spam/K3MG28O4','MGSPAM-compute_score-51','utf-8\n','2012-08-21 07:21:08','2012-08-21 07:21:08'),(5692,'2012-08-13 01:31:57','15484-5028590A.00068540','Mail.RL ','719070997@qq.com','gavin@myxiequ.com','回复：8/9工作进度/47408','OK',NULL,'MGHAM-header_match_any-40','utf-8\n','2012-08-21 07:21:08','2012-08-21 07:21:08'),(5693,'2012-08-13 01:32:53','15507-50285943.00057270','Mail.RL ','resume@quickmail.51job.com','gavin@myxiequ.com','(51job.com)申请贵公司客服经理（上海-普陀区）－张羽 /37947','OK',NULL,'MGHAM-compute_score-2','utf-8\n','2012-08-21 07:21:08','2012-08-21 07:21:08'),(5694,'2012-08-13 01:33:55','15507-50285980.0003AEEE','Mail.RL ','zrhnjv@jnn.org','ivan@myxiequ.com','m3csk[客w户e抱a怨s处c理x技w巧]/12147','OK','@.spam/3CMG28UN','MGSPAM-commtouch-51','utf-8\n','2012-08-21 07:21:08','2012-08-21 07:21:08'),(5695,'2012-08-13 01:35:19','15507-502859D5.0008A0F2','Mail.RL ','resume@quickmail.51job.com','gavin@myxiequ.com','(51job.com)申请贵公司系统管理员（上海-普陀区）－魏巍 /211667','OK','@.spam/NEMG28LF','MGSPAM-compute_score-51','utf-8\n','2012-08-21 07:21:08','2012-08-21 07:21:08'),(5696,'2012-08-13 01:36:17','15481-50285A0E.00041EF3','Mail.RL ','abxgjfr@bowv.com','ivan@myxiequ.com','n3asw[高w级c文w秘c强v化w训c练]/11564','OK','@.spam/HGMG28SN','MGSPAM-commtouch-51','utf-8\n','2012-08-21 07:21:08','2012-08-21 07:21:08'),(5697,'2012-08-13 01:37:22','15481-50285A51.0007D7FD','Mail.RL ','276487547+auto_=wangguang=myxiequ.com@qq.com','wangguang@myxiequ.com','老品价格/37097','OK',NULL,'MGHAM-header_match_any-40','utf-8\n','2012-08-21 07:21:08','2012-08-21 07:21:08'),(5698,'2012-08-13 01:38:54','15497-50285AAB.000E43D8','Mail.RL ','hdonglei@163.c0m','service@myxiequ.com','如何处理违纪员工69621/126699','OK','MGVIRUS-DELIVER-mail_type-40','VIRUS Commtouch','utf-8\n','2012-08-21 07:21:08','2012-08-21 07:21:08'),(5699,'2012-08-13 01:39:07','15497-50285AB9.0002C064','Mail.RL ','eontronx@baoliheng.com','gavin@myxiequ.com','∞ㄟ∞ 如何成为一个成功的产品经理？∞ㄟ∞/11275','OK','@.spam/RLMG28OA','MGSPAM-commtouch-2','utf-8\n','2012-08-21 07:21:08','2012-08-21 07:21:08'),(5700,'2012-08-13 01:48:25','15500-50285CE7.000A4E47','Mail.RL ','nagios@localhost.localdomain','shaozhihu@myxiequ.com','** PROBLEM Host Alert: winserver is DOWN **/864','OK','@.spam/97NG28G2','MGSPAM-commtouch-40','utf-8\n','2012-08-21 07:21:08','2012-08-21 07:21:08'),(5701,'2012-08-13 01:48:32','15493-50285CEC.0000610F','Mail.RL ','benice@51bi.com','oscar@myxiequ.com','51比购网会员注册成功/2901','OK',NULL,'MGHAM-compute_score-2','utf-8\n','2012-08-21 07:21:08','2012-08-21 07:21:08'),(5702,'2012-08-13 01:58:46','15493-50285F55.00046D43','Mail.RL ','ogzt@gm.net','ivan@myxiequ.com','f9ves[劳s务a派c遣e操v作u实w务]/15086','OK','@.spam/MQNG2819','MGSPAM-commtouch-51','utf-8\n','2012-08-21 07:21:08','2012-08-21 07:21:08'),(5703,'2012-08-13 02:00:42','15515-50285FCA.00005A7C','Mail.RL ','276487547+auto_=wangguang=myxiequ.com@qq.com','wangguang@myxiequ.com','答复: 回复：通知/12636','OK',NULL,'MGHAM-compute_score-2','utf-8\n','2012-08-21 07:21:08','2012-08-21 07:21:08'),(5704,'2012-08-13 02:04:46','15445-502860BB.0007F7EA','Mail.RL ','slili@st-sat.com','amyfu@myxiequ.com','冬季订单订金及订单回签问题/6898','OK',NULL,'MGHAM-compute_score-2','utf-8\n','2012-08-21 07:21:08','2012-08-21 07:21:08'),(5705,'2012-08-13 02:04:46','15445-502860BB.0007F7EA','Mail.RL ','slili@st-sat.com','kerryzhang@myxiequ.com','冬季订单订金及订单回签问题/6898','OK',NULL,'MGHAM-compute_score-2','utf-8\n','2012-08-21 07:21:08','2012-08-21 07:21:08'),(5706,'2012-08-13 02:05:19','15500-502860DB.000B3AC9','Mail.RL ','774018837@qq.com','gavin@myxiequ.com','回复：答复: 回复：通知/15062','OK',NULL,'MGHAM-compute_score-2','utf-8\n','2012-08-21 07:21:08','2012-08-21 07:21:08'),(5707,'2012-08-13 02:05:20','15500-502860DB.000B3AC9','Mail.RL ','774018837@qq.com','irene@myxiequ.com','回复：答复: 回复：通知/15062','OK',NULL,'MGHAM-compute_score-2','utf-8\n','2012-08-21 07:21:08','2012-08-21 07:21:08'),(5708,'2012-08-13 02:05:20','15500-502860DB.000B3AC9','Mail.RL ','774018837@qq.com','ivan@myxiequ.com','回复：答复: 回复：通知/15062','OK',NULL,'MGHAM-compute_score-2','utf-8\n','2012-08-21 07:21:08','2012-08-21 07:21:08'),(5709,'2012-08-13 02:05:21','15492-502860DD.000D3078','Mail.RL ','276487547+auto_=wangguang=myxiequ.com@qq.com','wangguang@myxiequ.com','回复：答复: 回复：通知/14678','OK',NULL,'MGHAM-compute_score-2','utf-8\n','2012-08-21 07:21:08','2012-08-21 07:21:08'),(5710,'2012-08-13 02:10:27','20136-5028620F.00009BB0','Mail.RL ','foryouz@lingqinet.com','grace@myxiequ.com','∞ㄟ∞ 如何成为一个成功的产品经理？∞ㄟ∞/11286','OK','@.spam/JGOG28CG','MGSPAM-commtouch-2','utf-8\n','2012-08-21 07:21:08','2012-08-21 07:21:08'),(5711,'2012-08-13 02:10:35','20136-50286217.00019517','Mail.RL ','luxp1010@163.com','maoqing@myxiequ.com','面试反馈/2698','OK',NULL,'MGHAM-compute_score-2','utf-8\n','2012-08-21 07:21:08','2012-08-21 07:21:08'),(5712,'2012-08-13 02:14:20','20136-502862FB.000C3342','Mail.RL ','service@mail.alipay.com','finance@myxiequ.com','交易状态已改变为：交易成功/10856','OK',NULL,'MGHAM-header_match_any-40','utf-8\n','2012-08-21 07:21:08','2012-08-21 07:21:08'),(5713,'2012-08-13 02:18:00','20158-502863D2.000D0C18','Mail.RL ','angela@hudsongc.com.tw','ivan@myxiequ.com','HCB> 每 日 財 經&投顧：亞股漲風從東南亞吹向東北 韓、港、台半個月漲6%/630822','OK',NULL,'MGHAM-data_size-40','utf-8\n','2012-08-21 07:21:08','2012-08-21 07:21:08'),(5714,'2012-08-13 02:18:28','20159-502863F4.0000804E','Mail.RL ','nagios@localhost.localdomain','shaozhihu@myxiequ.com','** PROBLEM Host Alert: winserver is DOWN **/864','OK','@.spam/KVOG280F','MGSPAM-commtouch-40','utf-8\n','2012-08-21 07:21:08','2012-08-21 07:21:08'),(5715,'2012-08-13 02:18:57','20159-5028640F.00021CB9','Mail.RL ',NULL,'service@myxiequ.com','Delivery Status Notification (Failure)/6163','OK','@.spam/H0PG28LO','MGSPAM-commtouch-2','utf-8\n','2012-08-21 07:21:08','2012-08-21 07:21:08'),(5716,'2012-08-13 02:19:07','20224-50286417.000C1414','Mail.RL ',NULL,'service@myxiequ.com','Delivery Status Notification (Failure)/5444','OK','@.spam/R0PG2808','MGSPAM-commtouch-2','utf-8\n','2012-08-21 07:21:08','2012-08-21 07:21:08'),(5717,'2012-08-13 02:21:14','20159-50286497.0007D96F','Mail.RL ','276487547+auto_=wangguang=myxiequ.com@qq.com','wangguang@myxiequ.com','答复: 关于样品拍照返仓问题反馈！/41247','OK',NULL,'MGHAM-compute_score-2','utf-8\n','2012-08-21 07:21:08','2012-08-21 07:21:08'),(5718,'2012-08-13 02:25:55','20159-502865AF.000E45F5','Mail.RL ','tengsheng@bizviva.com','gavin@myxiequ.com','=∨= 3E薪资设计与薪酬管理技巧 =∨=/12279','OK','@.spam/JDPG28BF','MGSPAM-commtouch-2','utf-8\n','2012-08-21 07:21:08','2012-08-21 07:21:08'),(5719,'2012-08-13 02:27:42','20159-5028660F.00037772','Mail.RL ','351669493@qq.com','grace@myxiequ.com','转发：麦鞋趣品牌推广方案修改及报价/7656123','OK',NULL,'MGHAM-data_size-40','utf-8\n','2012-08-21 07:21:08','2012-08-21 07:21:08'),(5720,'2012-08-13 02:27:43','20159-5028660F.00037772','Mail.RL ','351669493@qq.com','ivan@myxiequ.com','转发：麦鞋趣品牌推广方案修改及报价/7656123','OK',NULL,'MGHAM-data_size-40','utf-8\n','2012-08-21 07:21:08','2012-08-21 07:21:08'),(5721,'2012-08-13 02:34:48','20240-502867C7.0003060C','Mail.RL ','resume@quickmail.51job.com','grace@myxiequ.com','(51job.com)申请贵公司市场企划专员（上海-普陀区）－龚洋洋 /41648','OK','@.spam/8UPG28VA','MGSPAM-compute_score-51','utf-8\n','2012-08-21 07:21:08','2012-08-21 07:21:08'),(5722,'2012-08-13 02:36:02','20158-5028680E.0007FE2A','Mail.RL ','weidp@tq365.cn','amyxu@myxiequ.com','麦鞋趣google周报/115687','OK',NULL,'MGHAM-compute_score-2','utf-8\n','2012-08-21 07:21:08','2012-08-21 07:21:08'),(5723,'2012-08-13 02:39:52','20231-502868F4.0008C2C1','Mail.RL ','resume@quickmail.51job.com','andy@myxiequ.com','(51job.com)申请贵公司高级软件工程师（PHP）（上海-普陀区）－林秋华 /152812','OK','@.spam/O7QG280V','MGSPAM-compute_score-51','utf-8\n','2012-08-21 07:21:08','2012-08-21 07:21:08'),(5724,'2012-08-13 02:40:02','20240-502868FE.0009DAB6','Mail.RL ','resume@quickmail.51job.com','gavin@myxiequ.com','(51job.com)申请贵公司高级软件工程师（PHP）（上海-普陀区）－林秋华 /152813','OK','@.spam/28QG28R1','MGSPAM-compute_score-51','utf-8\n','2012-08-21 07:21:08','2012-08-21 07:21:08'),(5725,'2012-08-13 02:40:42','20158-5028692A.000336D7','Mail.RL ','jcepwdrv@bggaa.net','young@myxiequ.com','d9sty[狼ca性ae销cw售cu训aw练]/9923','OK','@.spam/A9QG28V2','MGSPAM-commtouch-51','utf-8\n','2012-08-21 07:21:08','2012-08-21 07:21:08'),(5726,'2012-08-13 02:42:17','20158-50286987.00081E99','Mail.RL ','service@mail.alipay.com','finance@myxiequ.com','交易状态已改变为：交易成功/9523','OK',NULL,'MGHAM-header_match_any-40','utf-8\n','2012-08-21 07:21:08','2012-08-21 07:21:08'),(5727,'2012-08-13 02:45:00','20240-50286A28.00063FC6','Mail.RL ',NULL,'fanghua@myxiequ.com','系统退信 (Undelivered Mail Returned to Sender)/6112','OK','@.spam/CHQG28R1','MGSPAM-commtouch-2','utf-8\n','2012-08-21 07:21:08','2012-08-21 07:21:08'),(5728,'2012-08-13 02:45:40','20240-50286A51.000C6CD1','Mail.RL ','eiyimzc@ykpi.com','young@myxiequ.com','c9jcw[如a何c降e低s包w装e成v本？/18162','OK','@.spam/KIQG28AR','MGSPAM-compute_score-51','utf-8\n','2012-08-21 07:21:08','2012-08-21 07:21:08'),(5729,'2012-08-13 02:48:56','20240-50286B17.0006B780','Mail.RL ','nagios@localhost.localdomain','shaozhihu@myxiequ.com','** PROBLEM Host Alert: winserver is DOWN **/864','OK','@.spam/OOQG28O7','MGSPAM-commtouch-40','utf-8\n','2012-08-21 07:21:08','2012-08-21 07:21:08'),(5730,'2012-08-13 02:55:07','20240-50286C87.0008EE3F','Mail.RL ','yanglidan@adsage.com','Amyxu@myxiequ.com','艾德思奇跟踪代码文档/1018882','OK',NULL,'MGHAM-data_size-40','utf-8\n','2012-08-21 07:21:08','2012-08-21 07:21:08'),(5731,'2012-08-13 03:01:37','20227-50286E0E.0009A1C1','Mail.RL ','liuhj@zjs.com.cn','diaoxy@myxiequ.com','钧钛8.6-8.12账单及确认函/129200','OK',NULL,'MGHAM-compute_score-2','utf-8\n','2012-08-21 07:21:08','2012-08-21 07:21:08'),(5732,'2012-08-13 03:02:39','20207-50286E4D.0007AEFD','Mail.RL ','weidp@tq365.cn','amyxu@myxiequ.com','Fw: 转发: GA的搜索引擎统计代码和电商代码/48855','OK',NULL,'MGHAM-compute_score-2','utf-8\n','2012-08-21 07:21:08','2012-08-21 07:21:08'),(5733,'2012-08-13 03:04:17','20207-50286EB0.000366AF','Mail.RL ','1066434187@qq.com','wangguang@myxiequ.com','单鞋调价/41052','OK',NULL,'MGHAM-header_match_any-40','utf-8\n','2012-08-21 07:21:08','2012-08-21 07:21:08'),(5734,'2012-08-13 03:05:40','20219-50286F02.000C90AA','Mail.RL ','kissni_lei@126.com','service@myxiequ.com','余磊 自动回复: 您的验证码/2930','OK',NULL,'MGHAM-compute_score-2','utf-8\n','2012-08-21 07:21:08','2012-08-21 07:21:08'),(5735,'2012-08-13 03:06:47','20159-50286F46.00027FAA','Mail.RL ','kissni_lei@126.com','service@myxiequ.com','余磊 自动回复: 加入麦鞋趣 享受VIP特权！/2956','OK',NULL,'MGHAM-compute_score-2','utf-8\n','2012-08-21 07:21:08','2012-08-21 07:21:08'),(5736,'2012-08-13 03:06:48','20198-50286F47.000C5591','Mail.RL ','niujinguo@163.com','service@myxiequ.com','niujinguo 自动回复: 您的验证码/2746','OK',NULL,'MGHAM-compute_score-2','utf-8\n','2012-08-21 07:21:08','2012-08-21 07:21:08'),(5737,'2012-08-13 03:06:52','20198-50286F49.000DCEDA','Mail.RL ','kissni_lei@126.com','service@myxiequ.com','余磊 自动回复: 恭喜您，成功注册麦鞋趣会员！/2966','OK',NULL,'MGHAM-compute_score-2','utf-8\n','2012-08-21 07:21:08','2012-08-21 07:21:08'),(5738,'2012-08-13 03:06:55','20198-50286F4D.00034364','Mail.RL ','niujinguo@163.com','service@myxiequ.com','niujinguo 自动回复: 加入麦鞋趣 享受VIP特权！/2775','OK',NULL,'MGHAM-compute_score-2','utf-8\n','2012-08-21 07:21:08','2012-08-21 07:21:08'),(5739,'2012-08-13 03:06:56','20162-50286F4F.0006C9D2','Mail.RL ','niujinguo@163.com','service@myxiequ.com','niujinguo 自动回复: 恭喜您，成功注册麦鞋趣会员！/2783','OK',NULL,'MGHAM-compute_score-2','utf-8\n','2012-08-21 07:21:08','2012-08-21 07:21:08'),(5740,'2012-08-13 03:07:18','20162-50286F63.000C855A','Mail.RL ','resume@quickmail.51job.com','gavin@myxiequ.com','(51job.com)申请贵公司客服经理（上海-普陀区）－罗雅 /51537','OK',NULL,'MGHAM-compute_score-2','utf-8\n','2012-08-21 07:21:08','2012-08-21 07:21:08'),(5741,'2012-08-13 03:10:14','24869-5028700E.00059098','Mail.RL ','weiweiliaoshi@163.com','service@myxiequ.com','weiweiliaoshi 自动回复: 您的验证码/3092','OK',NULL,'MGHAM-compute_score-2','utf-8\n','2012-08-21 07:21:08','2012-08-21 07:21:08'),(5742,'2012-08-13 03:11:10','24869-5028704C.0009B64B','Mail.RL ','weiweiliaoshi@163.com','service@myxiequ.com','weiweiliaoshi 自动回复: 加入麦鞋趣 享受VIP特权！/3115','OK',NULL,'MGHAM-compute_score-2','utf-8\n','2012-08-21 07:21:08','2012-08-21 07:21:08'),(5743,'2012-08-13 03:11:20','24969-50287052.000B5812','Mail.RL ','weiweiliaoshi@163.com','service@myxiequ.com','weiweiliaoshi 自动回复: 恭喜您，成功注册麦鞋趣会员！/3127','OK',NULL,'MGHAM-compute_score-2','utf-8\n','2012-08-21 07:21:08','2012-08-21 07:21:08'),(5744,'2012-08-13 03:14:25','24969-5028710C.0008C543','Mail.RL ','yanglidan@adsage.com','Amyxu@myxiequ.com','答复: 艾德思奇跟踪代码文档/24917','OK',NULL,'MGHAM-compute_score-2','utf-8\n','2012-08-21 07:21:08','2012-08-21 07:21:08'),(5745,'2012-08-13 03:16:57','24969-502871A7.000715F8','Mail.RL ','276487547+auto_=wangguang=myxiequ.com@qq.com','wangguang@myxiequ.com','关于男鞋赠品下单事宜/7850','OK',NULL,'MGHAM-compute_score-2','utf-8\n','2012-08-21 07:21:08','2012-08-21 07:21:08'),(5746,'2012-08-13 03:20:45','24943-5028728B.000A7C72','Mail.RL ','nagios@localhost.localdomain','shaozhihu@myxiequ.com','** PROBLEM Host Alert: winserver is DOWN **/864','OK','@.spam/DKSG28O9','MGSPAM-commtouch-40','utf-8\n','2012-08-21 07:21:08','2012-08-21 07:21:08'),(5747,'2012-08-13 03:25:42','24889-502873B4.00057B3B','Mail.RL ','276487547+auto_=wangguang=myxiequ.com@qq.com','wangguang@myxiequ.com','男鞋凉鞋价格申请/709997','OK',NULL,'MGHAM-header_match_any-40','utf-8\n','2012-08-21 07:21:08','2012-08-21 07:21:08'),(5748,'2012-08-13 03:28:20','24943-5028744F.00048006','Mail.RL ','huang.r@yougou.com','wangguang@myxiequ.com','Re: 单鞋调价/45930','OK',NULL,'MGHAM-compute_score-2','utf-8\n','2012-08-21 07:21:08','2012-08-21 07:21:08'),(5749,'2012-08-13 03:28:30','24969-5028745D.0000BFAA','Mail.RL ','LocalDealsHK@email.travelzoo.com','amyfu@myxiequ.com','LOCAL DEAL: $399 -- 酒店級瀑布水療舒壓體驗！75 分鐘中環 Amrita Spa 全身按摩組合 享受靜謐一刻/25053','OK',NULL,'MGHAM-compute_score-2','utf-8\n','2012-08-21 07:21:08','2012-08-21 07:21:08'),(5750,'2012-08-13 03:32:29','24969-50287549.000E6D00','Mail.RL ','resume@quickmail.51job.com','wangguang@myxiequ.com','(51job.com)申请贵公司渠道运营/分销运营（上海-普陀区）－沈统球 /50785','OK',NULL,'MGHAM-compute_score-2','utf-8\n','2012-08-21 07:21:08','2012-08-21 07:21:08'),(5751,'2012-08-13 03:35:03','24896-502875E4.0000B1A1','Mail.RL ','resume@quickmail.51job.com','gavin@myxiequ.com','(51job.com)申请贵公司客服经理（上海-普陀区）－郑庆清 /184020','OK','@.spam/7FTG28NH','MGSPAM-compute_score-51','utf-8\n','2012-08-21 07:21:08','2012-08-21 07:21:08'),(5752,'2012-08-13 03:41:04','24896-5028774E.0007E89C','Mail.RL ','cpzxzb@hhkj.cn','service@myxiequ.com','产品中心周报 自动回复: 加入麦鞋趣 享受VIP特权！/853','OK',NULL,'MGHAM-compute_score-2','utf-8\n','2012-08-21 07:21:08','2012-08-21 07:21:08'),(5753,'2012-08-13 03:41:08','24896-50287751.00077A21','Mail.RL ','cpzxzb@hhkj.cn','service@myxiequ.com','产品中心周报 自动回复: 恭喜您，成功注册麦鞋趣会员！/861','OK',NULL,'MGHAM-compute_score-2','utf-8\n','2012-08-21 07:21:08','2012-08-21 07:21:08'),(5754,'2012-08-13 03:41:21','24896-5028775A.000BA80A','Mail.RL ','276487547+auto_=wangguang=myxiequ.com@qq.com','wangguang@myxiequ.com','天猫集体破记录，8.13年中大促，全网疯抢中！/281250','OK',NULL,'MGHAM-compute_score-2','utf-8\n','2012-08-21 07:21:08','2012-08-21 07:21:08'),(5755,'2012-08-13 03:48:38','24895-50287910.000393D1','Mail.RL ','wangmeijing@emar.com.cn','oscar@myxiequ.com','Re: 麦鞋趣提报购划算商品/34395','OK',NULL,'MGHAM-compute_score-2','utf-8\n','2012-08-21 07:21:08','2012-08-21 07:21:08'),(5756,'2012-08-13 03:50:46','24961-50287993.000AC9FB','Mail.RL ','nagios@localhost.localdomain','shaozhihu@myxiequ.com','** PROBLEM Host Alert: winserver is DOWN **/864','OK','@.spam/MCUG28FP','MGSPAM-commtouch-40','utf-8\n','2012-08-21 07:21:08','2012-08-21 07:21:08'),(5757,'2012-08-13 03:51:14','24968-502879AF.0008A972','Mail.RL ','zjling1990@163.com','service@myxiequ.com','zjl 自动回复: 您的验证码/2935','OK',NULL,'MGHAM-compute_score-2','utf-8\n','2012-08-21 07:21:08','2012-08-21 07:21:08'),(5758,'2012-08-13 03:51:14','24961-502879AF.000584A5','Mail.RL ','resume@quickmail.51job.com','grace@myxiequ.com','(51job.com)申请贵公司网站活动策划（B2C电子商务）（上海-普陀区）－许小丽 /52633','OK','@.spam/IDUG28GQ','MGSPAM-compute_score-51','utf-8\n','2012-08-21 07:21:08','2012-08-21 07:21:08'),(5759,'2012-08-13 03:51:18','24968-502879B5.0007B99F','Mail.RL ','resume@quickmail.51job.com','grace@myxiequ.com','(51job.com)申请贵公司市场企划专员（上海-普陀区）－许小丽 /52571','OK','@.spam/MDUG28KV','MGSPAM-compute_score-51','utf-8\n','2012-08-21 07:21:08','2012-08-21 07:21:08'),(5760,'2012-08-13 03:53:58','24953-50287A52.000A157E','Mail.RL ','zjling1990@163.com','service@myxiequ.com','zjl 自动回复: 加入麦鞋趣 享受VIP特权！/2963','OK',NULL,'MGHAM-compute_score-2','utf-8\n','2012-08-21 07:21:08','2012-08-21 07:21:08'),(5761,'2012-08-13 03:54:17','24968-50287A5C.00067D57','Mail.RL ','zjling1990@163.com','service@myxiequ.com','zjl 自动回复: 恭喜您，成功注册麦鞋趣会员！/2971','OK',NULL,'MGHAM-compute_score-2','utf-8\n','2012-08-21 07:21:08','2012-08-21 07:21:08'),(5762,'2012-08-13 03:57:43','24953-50287B35.0006381D','Mail.RL ','cpzxzb@hhkj.cn','service@myxiequ.com','产品中心周报 自动回复: 您的验证码/825','OK',NULL,'MGHAM-compute_score-2','utf-8\n','2012-08-21 07:21:08','2012-08-21 07:21:08'),(5763,'2012-08-13 03:58:11','24900-50287B51.00096F22','Mail.RL ','cpzxzb@hhkj.cn','service@myxiequ.com','产品中心周报 自动回复: 您的验证码/825','OK',NULL,'MGHAM-compute_score-2','utf-8\n','2012-08-21 07:21:08','2012-08-21 07:21:08'),(5764,'2012-08-13 04:01:00','24953-50287BF9.000E1F31','Mail.RL ','hh@hzbtv.com','service@myxiequ.com','成d功的产t品经k理-雷厕/51035','OK','MGVIRUS-DELIVER-mail_type-40','VIRUS Commtouch','utf-8\n','2012-08-21 07:21:08','2012-08-21 07:21:08'),(5765,'2012-08-13 04:02:04','24953-50287C3A.000B3C20','Mail.RL ','cpzxzb@hhkj.cn','service@myxiequ.com','产品中心周报 自动回复: 您的验证码/825','OK',NULL,'MGHAM-compute_score-2','utf-8\n','2012-08-21 07:21:08','2012-08-21 07:21:08'),(5766,'2012-08-13 04:07:11','24953-50287D6C.000903FA','Mail.RL ','wu.xs@yougou.com','wangguang@myxiequ.com','Re: Re: 单鞋调价/86481','OK',NULL,'MGHAM-compute_score-2','utf-8\n','2012-08-21 07:21:08','2012-08-21 07:21:08'),(5767,'2012-08-13 04:20:57','29681-502880A6.00040D45','Mail.RL ','nagios@localhost.localdomain','shaozhihu@myxiequ.com','** PROBLEM Host Alert: winserver is DOWN **/864','OK','@.spam/950H2831','MGSPAM-commtouch-40','utf-8\n','2012-08-21 07:21:08','2012-08-21 07:21:08'),(5768,'2012-08-13 04:44:26','29681-50288626.000D8D25','Mail.RL ','icosc@163.com','service@myxiequ.com','icosc 自动回复: 您的验证码/2864','OK',NULL,'MGHAM-compute_score-2','utf-8\n','2012-08-21 07:21:08','2012-08-21 07:21:08'),(5769,'2012-08-13 04:44:51','29681-50288642.000486FF','Mail.RL ','icosc@163.com','service@myxiequ.com','icosc 自动回复: 加入麦鞋趣 享受VIP特权！/2887','OK',NULL,'MGHAM-compute_score-2','utf-8\n','2012-08-21 07:21:08','2012-08-21 07:21:08'),(5770,'2012-08-13 04:44:51','29704-50288642.0003E03F','Mail.RL ','icosc@163.com','service@myxiequ.com','icosc 自动回复: 加入麦鞋趣 享受VIP特权！/2888','OK',NULL,'MGHAM-compute_score-2','utf-8\n','2012-08-21 07:21:08','2012-08-21 07:21:08'),(5771,'2012-08-13 04:50:54','29704-502887AD.0009D310','Mail.RL ','nagios@localhost.localdomain','shaozhihu@myxiequ.com','** PROBLEM Host Alert: winserver is DOWN **/864','OK','@.spam/ET1H2820','MGSPAM-commtouch-40','utf-8\n','2012-08-21 07:21:08','2012-08-21 07:21:08'),(5772,'2012-08-13 04:59:30','29681-502889AF.0003BF85','Mail.RL ','276487547+auto_=wangguang=myxiequ.com@qq.com','wangguang@myxiequ.com','天猫调一号店8.13/20875','OK',NULL,'MGHAM-header_match_any-40','utf-8\n','2012-08-21 07:21:08','2012-08-21 07:21:08'),(5773,'2012-08-13 05:08:30','29704-50288BCC.0004B738','Mail.RL ','resume@quickmail.51job.com','wangguang@myxiequ.com','(51job.com)申请贵公司渠道运营/分销运营（上海-普陀区）－许小丽 /52593','OK','@.spam/EU2H283D','MGSPAM-compute_score-51','utf-8\n','2012-08-21 07:21:08','2012-08-21 07:21:08'),(5774,'2012-08-13 05:21:46','1883-50288EE7.000EEFC7','Mail.RL ','nagios@localhost.localdomain','shaozhihu@myxiequ.com','** PROBLEM Host Alert: winserver is DOWN **/864','OK','@.spam/AN3H2817','MGSPAM-commtouch-40','utf-8\n','2012-08-21 07:21:08','2012-08-21 07:21:08'),(5775,'2012-08-13 05:29:52','2087-502890CD.000B6041','Mail.RL ','zonglu126@126.com','service@myxiequ.com','Recruitment Manager 自动回复: 您的验证码/4962','OK',NULL,'MGHAM-compute_score-2','utf-8\n','2012-08-21 07:21:08','2012-08-21 07:21:08'),(5776,'2012-08-13 05:30:53','2011-50289109.000374C0','Mail.RL ','service@mail.alipay.com','mkt@myxiequ.com','交易状态已改变为：交易关闭/10342','OK','@.spam/D84H2830','MGSPAM-commtouch-2','utf-8\n','2012-08-21 07:21:08','2012-08-21 07:21:08'),(5777,'2012-08-13 05:31:42','2059-5028913D.00026611','Mail.RL ','zonglu126@126.com','service@myxiequ.com','Recruitment Manager 自动回复: 加入麦鞋趣 享受VIP特权！/4987','OK',NULL,'MGHAM-compute_score-2','utf-8\n','2012-08-21 07:21:08','2012-08-21 07:21:08'),(5778,'2012-08-13 05:31:46','2090-50289140.000B9CBE','Mail.RL ','zonglu126@126.com','service@myxiequ.com','Recruitment Manager 自动回复: 恭喜您，成功注册麦鞋趣会员！/4998','OK',NULL,'MGHAM-compute_score-2','utf-8\n','2012-08-21 07:21:08','2012-08-21 07:21:08'),(5779,'2012-08-13 05:43:50','1961-50289412.000B6EE8','Mail.RL ','zjrcg@163.com','service@myxiequ.com','zjrcg 自动回复: 您的验证码/3017','OK',NULL,'MGHAM-compute_score-2','utf-8\n','2012-08-21 07:21:08','2012-08-21 07:21:08'),(5780,'2012-08-13 05:44:12','1961-50289420.00008253','Mail.RL ','zjrcg@163.com','service@myxiequ.com','zjrcg 自动回复: 您的验证码/3017','OK',NULL,'MGHAM-compute_score-2','utf-8\n','2012-08-21 07:21:08','2012-08-21 07:21:08'),(5781,'2012-08-13 05:44:46','2010-50289443.0000ADD4','Mail.RL ','zjrcg@163.com','service@myxiequ.com','zjrcg 自动回复: 您的验证码/3017','OK',NULL,'MGHAM-compute_score-2','utf-8\n','2012-08-21 07:21:08','2012-08-21 07:21:08'),(5782,'2012-08-13 05:51:46','1883-502895EF.000E558F','Mail.RL ','nagios@localhost.localdomain','shaozhihu@myxiequ.com','** PROBLEM Host Alert: winserver is DOWN **/864','OK','@.spam/IF5H2862','MGSPAM-commtouch-40','utf-8\n','2012-08-21 07:21:08','2012-08-21 07:21:08'),(5783,'2012-08-13 05:52:04','1883-502895FF.000C9C24','Mail.RL ','tastered@beessun.com','irene@myxiequ.com','新上任研发经理：如何提升领导力与执行力？/12341','OK','@.spam/4G5H28U1','MGSPAM-commtouch-2','utf-8\n','2012-08-21 07:21:08','2012-08-21 07:21:08'),(5784,'2012-08-13 06:00:24','2075-502897F7.0001A394','Mail.RL ',NULL,'service@myxiequ.com','垃圾信拦截明细列表.html/20568','OK',NULL,'MGHAM--0','utf-8\n','2012-08-21 07:21:08','2012-08-21 07:21:08'),(5785,'2012-08-13 06:00:25','2074-502897F6.0009741B','Mail.RL ',NULL,'ivan@myxiequ.com','垃圾信攔截明細列表/23526','OK',NULL,'MGHAM--0','utf-8\n','2012-08-21 07:21:08','2012-08-21 07:21:08'),(5786,'2012-08-13 06:00:25','2094-502897F6.000823EA','Mail.RL ',NULL,'irene@myxiequ.com','垃圾信拦截明细列表.html/17176','OK',NULL,'MGHAM--0','utf-8\n','2012-08-21 07:21:08','2012-08-21 07:21:08'),(5787,'2012-08-13 06:00:25','2055-502897F5.000C615B','Mail.RL ',NULL,'andy@myxiequ.com','垃圾信拦截明细列表.html/17324','OK',NULL,'MGHAM--0','utf-8\n','2012-08-21 07:21:08','2012-08-21 07:21:08'),(5788,'2012-08-13 06:00:25','1882-502897F7.00048C2C','Mail.RL ',NULL,'wangguang@myxiequ.com','垃圾信拦截明细列表.html/17234','OK',NULL,'MGHAM--0','utf-8\n','2012-08-21 07:21:09','2012-08-21 07:21:09'),(5789,'2012-08-13 06:00:25','2086-502897F6.0002501A','Mail.RL ',NULL,'fanghua@myxiequ.com','垃圾信拦截明细列表.html/13712','OK',NULL,'MGHAM--0','utf-8\n','2012-08-21 07:21:09','2012-08-21 07:21:09'),(5790,'2012-08-13 06:00:25','1883-502897F6.0005C3D8','Mail.RL ',NULL,'gavin@myxiequ.com','垃圾信拦截明细列表.html/27812','OK',NULL,'MGHAM--0','utf-8\n','2012-08-21 07:21:09','2012-08-21 07:21:09'),(5791,'2012-08-13 06:00:25','2083-502897F7.00067866','Mail.RL ',NULL,'young@myxiequ.com','垃圾信拦截明细列表.html/16932','OK',NULL,'MGHAM--0','utf-8\n','2012-08-21 07:21:09','2012-08-21 07:21:09'),(5792,'2012-08-13 06:00:25','2059-502897F6.000CA98B','Mail.RL ',NULL,'mkt@myxiequ.com','垃圾信拦截明细列表.html/13718','OK',NULL,'MGHAM--0','utf-8\n','2012-08-21 07:21:09','2012-08-21 07:21:09'),(5793,'2012-08-13 06:00:25','2070-502897F6.00071080','Mail.RL ',NULL,'grace@myxiequ.com','垃圾信拦截明细列表.html/27818','OK',NULL,'MGHAM--0','utf-8\n','2012-08-21 07:21:09','2012-08-21 07:21:09'),(5794,'2012-08-13 06:00:25','2082-502897F7.0002526D','Mail.RL ',NULL,'shaozhihu@myxiequ.com','垃圾信拦截明细列表.html/40388','OK',NULL,'MGHAM--0','utf-8\n','2012-08-21 07:21:09','2012-08-21 07:21:09'),(5795,'2012-08-13 06:08:29','2059-502899D8.0006E331','Mail.RL ','huang.r@yougou.com','wangguang@myxiequ.com','Re: Re: Re: 单鞋调价/183428','OK',NULL,'MGHAM-compute_score-2','utf-8\n','2012-08-21 07:21:09','2012-08-21 07:21:09'),(5796,'2012-08-13 06:22:46','6876-50289D34.0000D44E','Mail.RL ','nagios@localhost.localdomain','shaozhihu@myxiequ.com','** PROBLEM Host Alert: winserver is DOWN **/864','OK','@.spam/M97H28RI','MGSPAM-commtouch-40','utf-8\n','2012-08-21 07:21:09','2012-08-21 07:21:09'),(5797,'2012-08-13 06:23:08','6876-50289D49.0007A7DF','Mail.RL ','china@openfind.com','andy@myxiequ.com','Re: 买鞋趣 邮件列表清单/162732','OK',NULL,'MGHAM-header_match_any-40','utf-8\n','2012-08-21 07:21:09','2012-08-21 07:21:09'),(5798,'2012-08-13 06:25:42','6876-50289DE3.0003A3CE','Mail.RL ','return-to@newsletter.mbaobao.com','george@myxiequ.com','【麦包包】让你不得不放下所有顾虑 与你同行/15850','OK',NULL,'MGHAM-compute_score-2','utf-8\n','2012-08-21 07:21:09','2012-08-21 07:21:09'),(5799,'2012-08-13 06:26:40','6876-50289E1F.000724C1','Mail.RL ','return-to@newsletter.mbaobao.com','george@myxiequ.com','时事通讯服务取消订阅/4462','OK',NULL,'MGHAM-compute_score-2','utf-8\n','2012-08-21 07:21:09','2012-08-21 07:21:09'),(5800,'2012-08-13 06:35:25','6872-5028A02C.000B53D5','Mail.RL ','1066434187@qq.com','wangguang@myxiequ.com','建议库存架构调整/49991','OK',NULL,'MGHAM-header_match_any-40','utf-8\n','2012-08-21 07:21:09','2012-08-21 07:21:09'),(5801,'2012-08-13 06:37:53','6872-5028A0BF.00009E19','Mail.RL ','13860035922@kingdax.com','young@myxiequ.com','~~>_ 研发人员的考核与激励 _~~/12100','OK','@.spam/168H28GF','MGSPAM-commtouch-2','utf-8\n','2012-08-21 07:21:09','2012-08-21 07:21:09'),(5802,'2012-08-13 06:40:32','6875-5028A15E.000D0BCE','Mail.RL ','return-to@edm.expoedm.com','diaoxy@myxiequ.com','上海市涉外参展人员业务知识培训—补贴政策介绍/17936','OK',NULL,'MGHAM-compute_score-2','utf-8\n','2012-08-21 07:21:09','2012-08-21 07:21:09'),(5803,'2012-08-13 06:42:10','6883-5028A1C0.00033A5B','Mail.RL ','service@mail.alipay.com','finance@myxiequ.com','交易状态已改变为：交易成功/9529','OK',NULL,'MGHAM-header_match_any-40','utf-8\n','2012-08-21 07:21:09','2012-08-21 07:21:09'),(5804,'2012-08-13 06:44:57','6841-5028A262.0009F7E1','Mail.RL ','276487547+auto_=wangguang=myxiequ.com@qq.com','wangguang@myxiequ.com','完成问卷调查，获取 100点积分(~4 RMB)/10825','OK',NULL,'MGHAM-compute_score-2','utf-8\n','2012-08-21 07:21:09','2012-08-21 07:21:09'),(5805,'2012-08-13 06:45:58','6884-5028A29E.00061DEE','Mail.RL ','fengchou@126.com','service@myxiequ.com','李凤绸 自动回复: 您的验证码/2925','OK',NULL,'MGHAM-compute_score-2','utf-8\n','2012-08-21 07:21:09','2012-08-21 07:21:09'),(5806,'2012-08-13 06:48:28','6875-5028A33A.0004F155','Mail.RL ','fengchou@126.com','service@myxiequ.com','李凤绸 自动回复: 您的验证码/2925','OK',NULL,'MGHAM-compute_score-2','utf-8\n','2012-08-21 07:21:09','2012-08-21 07:21:09'),(5807,'2012-08-13 06:52:02','6875-5028A40F.00002276','Mail.RL ','sxglddsjp@mail.sxgltvu.com.cn','young@myxiequ.com','hwcuhg-处理违纪员工所必须的证据问题/39449','OK','MGVIRUS-DELIVER-mail_type-40','VIRUS Commtouch','utf-8\n','2012-08-21 07:21:09','2012-08-21 07:21:09'),(5808,'2012-08-13 06:52:44','6875-5028A43B.000E99E5','Mail.RL ','nagios@localhost.localdomain','shaozhihu@myxiequ.com','** PROBLEM Host Alert: winserver is DOWN **/864','OK','@.spam/S19H2827','MGSPAM-commtouch-40','utf-8\n','2012-08-21 07:21:09','2012-08-21 07:21:09'),(5809,'2012-08-13 07:07:04','6884-5028A795.0009AD3B','Mail.RL ','LocalDealsCN@email.travelzoo.com','amyfu@myxiequ.com','LOCAL DEAL: ￥888 -- 4.5折！杭州顶级精品酒店 含早送SPA通国庆 最美西溪之秋/26025','OK',NULL,'MGHAM-compute_score-2','utf-8\n','2012-08-21 07:21:09','2012-08-21 07:21:09'),(5810,'2012-08-13 07:09:37','6884-5028A830.00092DF9','Mail.RL ','resume@quickmail.51job.com','grace@myxiequ.com','(51job.com)申请贵公司市场企划专员（上海-普陀区）－赵玉海 /39905','OK','@.spam/H1AH288I','MGSPAM-compute_score-51','utf-8\n','2012-08-21 07:21:09','2012-08-21 07:21:09'),(5811,'2012-08-13 07:14:10','11508-5028A93F.000CF0A7','Mail.RL ','276487547+auto_=wangguang=myxiequ.com@qq.com','wangguang@myxiequ.com','尊敬的276487547@qq.com你好, 大型澳大利亚精品房产博览会在上海举行，首付4万澳元，投资移民留学自住首选/9073','OK','@.spam/2AAH286C','MGSPAM-compute_score-51','utf-8\n','2012-08-21 07:21:09','2012-08-21 07:21:09'),(5812,'2012-08-13 07:20:48','11508-5028AACB.0002D59F','Mail.RL ','rrcgw@rrcgw.com','young@myxiequ.com','1号店，只为更好的生活 - 1号店网上超市/2862','OK',NULL,'MGHAM-compute_score-2','utf-8\n','2012-08-21 07:21:09','2012-08-21 07:21:09'),(5813,'2012-08-13 07:23:45','11508-5028AB80.00030DB7','Mail.RL ','nagios@localhost.localdomain','shaozhihu@myxiequ.com','** PROBLEM Host Alert: winserver is DOWN **/864','OK','@.spam/1SAH28T0','MGSPAM-commtouch-40','utf-8\n','2012-08-21 07:21:09','2012-08-21 07:21:09'),(5814,'2012-08-13 07:31:45','11564-5028AD59.000D5C2D','Mail.RL ','wangorie@julichina.com','angela@myxiequ.com','^v^ 研发质量管理～保证产品质量的6个根基 ^v^/11516','OK','@.spam/1BBH28PB','MGSPAM-commtouch-2','utf-8\n','2012-08-21 07:21:09','2012-08-21 07:21:09'),(5815,'2012-08-13 07:42:06','11595-5028AFCC.000BA2E7','Mail.RL ','zongpeng@xjh.com','wangguang@myxiequ.com','徐家汇商城的合作文件/52526','OK',NULL,'MGHAM-compute_score-2','utf-8\n','2012-08-21 07:21:09','2012-08-21 07:21:09'),(5816,'2012-08-13 07:48:18','11570-5028B13C.000C4EE3','Mail.RL ','return-to@edm.expoedm.com','diaoxy@myxiequ.com','上海市涉外参展人员业务知识培训—电子商务平台介绍/22939','OK','@.spam/2ACH28OT','MGSPAM-commtouch-2','utf-8\n','2012-08-21 07:21:09','2012-08-21 07:21:09'),(5817,'2012-08-13 07:50:37','11570-5028B1C9.000B675F','Mail.RL ','wos@byjwdqb.com','young@myxiequ.com','d3stw【3 E 薪vv资vv设vv计】/13588','OK','@.spam/DECH2853','MGSPAM-commtouch-51','utf-8\n','2012-08-21 07:21:09','2012-08-21 07:21:09'),(5818,'2012-08-13 07:51:16','11587-5028B1EC.000D4163','Mail.RL ','gcfjups@xvyj.net','young@myxiequ.com','[销w售c数v据s预a测e技e术]st9df/8851','OK','@.spam/KFCH28LU','MGSPAM-commtouch-51','utf-8\n','2012-08-21 07:21:09','2012-08-21 07:21:09'),(5819,'2012-08-13 07:52:54','11570-5028B253.0001A4AF','Mail.RL ','genera@jiayuantimes.com','irene@myxiequ.com','=∨= 3E薪资设计与薪酬管理技巧 =∨=/12283','OK','@.spam/MICH28Q6','MGSPAM-commtouch-2','utf-8\n','2012-08-21 07:21:09','2012-08-21 07:21:09'),(5820,'2012-08-13 07:53:44','11509-5028B287.000B0DDC','Mail.RL ','nagios@localhost.localdomain','shaozhihu@myxiequ.com','** PROBLEM Host Alert: winserver is DOWN **/864','OK','@.spam/8KCH289R','MGSPAM-commtouch-40','utf-8\n','2012-08-21 07:21:09','2012-08-21 07:21:09'),(5821,'2012-08-13 08:04:47','11579-5028B51C.000BE850','Mail.RL ','zhangze0220@126.com','service@myxiequ.com','章泽 自动回复: 麦鞋趣 - 您的订单已顺利发货/2921','OK',NULL,'MGHAM-compute_score-2','utf-8\n','2012-08-21 07:21:09','2012-08-21 07:21:09'),(5822,'2012-08-13 08:06:33','11587-5028B585.000DE3DD','Mail.RL ','184188185@qq.com','gavin@myxiequ.com','回复： 2012年秋款上架计划表（更正）/12734','OK',NULL,'MGHAM-compute_score-2','utf-8\n','2012-08-21 07:21:09','2012-08-21 07:21:09'),(5823,'2012-08-13 08:06:33','11587-5028B585.000DE3DD','Mail.RL ','184188185@qq.com','rubyzhang@myxiequ.com','回复： 2012年秋款上架计划表（更正）/12734','OK',NULL,'MGHAM-compute_score-2','utf-8\n','2012-08-21 07:21:09','2012-08-21 07:21:09'),(5824,'2012-08-13 08:06:33','11587-5028B585.000DE3DD','Mail.RL ','184188185@qq.com','tomwang@myxiequ.com','回复： 2012年秋款上架计划表（更正）/12734','OK',NULL,'MGHAM-compute_score-2','utf-8\n','2012-08-21 07:21:09','2012-08-21 07:21:09'),(5825,'2012-08-13 08:06:33','11587-5028B585.000DE3DD','Mail.RL ','184188185@qq.com','wangguang@myxiequ.com','回复： 2012年秋款上架计划表（更正）/12734','OK',NULL,'MGHAM-compute_score-2','utf-8\n','2012-08-21 07:21:09','2012-08-21 07:21:09'),(5826,'2012-08-13 08:16:40','16328-5028B7E4.000AB896','Mail.RL ','shenxh@zjnetcom.com','service@myxiequ.com','xnphlbzv 如何设计销售不同阶段的提问/13804','OK','@.spam/8VDH280N','MGSPAM-commtouch-51','utf-8\n','2012-08-21 07:21:09','2012-08-21 07:21:09'),(5827,'2012-08-13 08:17:05','16332-5028B7FC.000641A7','Mail.RL ','bill@climatron.com.cn','sarah@myxiequ.com','Re: 答复: 【急！紧急事件】加装video、HDMI组件问题/84158','OK',NULL,'MGHAM-compute_score-2','utf-8\n','2012-08-21 07:21:09','2012-08-21 07:21:09'),(5828,'2012-08-13 08:17:05','16332-5028B7FC.000641A7','Mail.RL ','bill@climatron.com.cn','shaozhihu@myxiequ.com','Re: 答复: 【急！紧急事件】加装video、HDMI组件问题/84158','OK',NULL,'MGHAM-compute_score-2','utf-8\n','2012-08-21 07:21:09','2012-08-21 07:21:09'),(5829,'2012-08-13 08:17:05','16332-5028B7FC.000641A7','Mail.RL ','bill@climatron.com.cn','tracycui@myxiequ.com','Re: 答复: 【急！紧急事件】加装video、HDMI组件问题/84158','OK',NULL,'MGHAM-compute_score-2','utf-8\n','2012-08-21 07:21:09','2012-08-21 07:21:09'),(5830,'2012-08-13 08:23:44','16332-5028B98F.000D9958','Mail.RL ','nagios@localhost.localdomain','shaozhihu@myxiequ.com','** PROBLEM Host Alert: winserver is DOWN **/864','OK','@.spam/GCEH281S','MGSPAM-commtouch-40','utf-8\n','2012-08-21 07:21:09','2012-08-21 07:21:09'),(5831,'2012-08-13 08:41:41','16332-5028BDC1.000D086A','Mail.RL ','276487547+auto_=wangguang=myxiequ.com@qq.com','wangguang@myxiequ.com','8.8男鞋价格/29503','OK',NULL,'MGHAM-header_match_any-40','utf-8\n','2012-08-21 07:21:09','2012-08-21 07:21:09'),(5832,'2012-08-13 08:45:49','16231-5028BEBA.000373EA','Mail.RL ','276487547+auto_=wangguang=myxiequ.com@qq.com','wangguang@myxiequ.com','回复：答复: 回复：关于秋冬货品及冬鞋旧款销售事宜/25071','OK',NULL,'MGHAM-compute_score-2','utf-8\n','2012-08-21 07:21:09','2012-08-21 07:21:09'),(5833,'2012-08-13 08:45:53','16231-5028BEBD.0005256C','Mail.RL ','184188185@qq.com','tomwang@myxiequ.com','回复：答复: 回复：关于秋冬货品及冬鞋旧款销售事宜/25448','OK',NULL,'MGHAM-compute_score-2','utf-8\n','2012-08-21 07:21:09','2012-08-21 07:21:09'),(5834,'2012-08-13 08:45:53','16231-5028BEBD.0005256C','Mail.RL ','184188185@qq.com','wangguang@myxiequ.com','回复：答复: 回复：关于秋冬货品及冬鞋旧款销售事宜/25448','OK',NULL,'MGHAM-compute_score-2','utf-8\n','2012-08-21 07:21:09','2012-08-21 07:21:09'),(5835,'2012-08-13 08:47:28','16231-5028BF1F.00006E5C','Mail.RL ','service@mail.alipay.com','finance@myxiequ.com','交易状态已改变为：交易成功/9583','OK',NULL,'MGHAM-header_match_any-40','utf-8\n','2012-08-21 07:21:09','2012-08-21 07:21:09'),(5836,'2012-08-13 08:48:35','16323-5028BF62.0001A062','Mail.RL ','vry@qokjacvh.com','young@myxiequ.com','fd34w[员w工c期mx权c激w励v法]/13560','OK','@.spam/3RFH28G0','MGSPAM-commtouch-51','utf-8\n','2012-08-21 07:21:09','2012-08-21 07:21:09'),(5837,'2012-08-13 08:51:12','16323-5028BFFD.000265BA','Mail.RL ','huaizhen@taobao.com','wangguang@myxiequ.com','机密档案/55415','OK',NULL,'MGHAM-compute_score-2','utf-8\n','2012-08-21 07:21:09','2012-08-21 07:21:09'),(5838,'2012-08-13 08:53:44','16323-5028C097.0006BDC7','Mail.RL ','nagios@localhost.localdomain','shaozhihu@myxiequ.com','** PROBLEM Host Alert: winserver is DOWN **/864','OK','@.spam/O4GH284E','MGSPAM-commtouch-40','utf-8\n','2012-08-21 07:21:09','2012-08-21 07:21:09'),(5839,'2012-08-13 08:54:16','16324-5028C0B4.000910B3','Mail.RL ','huaizhen@taobao.com','wangguang@myxiequ.com','账号整理/23105','OK',NULL,'MGHAM-compute_score-2','utf-8\n','2012-08-21 07:21:09','2012-08-21 07:21:09'),(5840,'2012-08-13 08:55:24','16324-5028C0FB.00010FF0','Mail.RL ','276487547+auto_=wangguang=myxiequ.com@qq.com','wangguang@myxiequ.com','答复: 回复：答复: 回复：关于秋冬货品及冬鞋旧款销售事宜/43300','OK',NULL,'MGHAM-compute_score-2','utf-8\n','2012-08-21 07:21:09','2012-08-21 07:21:09'),(5841,'2012-08-13 09:06:36','16324-5028C39A.0000708B','Mail.RL ','gv@iswnypv.com','young@myxiequ.com','[从v销w售a到c管w理s的v转v变]cv9jw/12348','OK','@.spam/SSGH28BF','MGSPAM-commtouch-51','utf-8\n','2012-08-21 07:21:09','2012-08-21 07:21:09'),(5842,'2012-08-13 09:08:37','16323-5028C410.00016D55','Mail.RL ','resume@quickmail.51job.com','gavin@myxiequ.com','(51job.com)申请贵公司客服经理（上海-普陀区）－管琳 /60866','OK',NULL,'MGHAM-compute_score-2','utf-8\n','2012-08-21 07:21:09','2012-08-21 07:21:09'),(5843,'2012-08-13 09:10:39','20947-5028C48B.0001BBF3','Mail.RL ','372362280@qq.com','gavin@myxiequ.com','关于广州2次到货异常事宜/2111928','OK',NULL,'MGHAM-data_size-40','utf-8\n','2012-08-21 07:21:09','2012-08-21 07:21:09'),(5844,'2012-08-13 09:10:39','20947-5028C48B.0001BBF3','Mail.RL ','372362280@qq.com','wangjianqiang@myxiequ.com','关于广州2次到货异常事宜/2111928','OK',NULL,'MGHAM-data_size-40','utf-8\n','2012-08-21 07:21:09','2012-08-21 07:21:09'),(5845,'2012-08-13 09:10:43','21034-5028C492.0002E55B','Mail.RL ','276487547+auto_=wangguang=myxiequ.com@qq.com','wangguang@myxiequ.com','关于广州2次到货异常事宜/2111551','OK',NULL,'MGHAM-header_match_any-40','utf-8\n','2012-08-21 07:21:09','2012-08-21 07:21:09'),(5846,'2012-08-13 09:20:58','21034-5028C6F5.000B22FD','Mail.RL ','bo-b7h1zcxbgy2jq5auvs6fkqcesuq85x@b.e.esteelauder.com.cn','tracycui@myxiequ.com','亲爱的麦鞋趣，还记得您上次的购物选择吗？雅诗兰黛为您准备了一份双重礼遇！/11862','OK',NULL,'MGHAM-compute_score-2','utf-8\n','2012-08-21 07:21:09','2012-08-21 07:21:09'),(5847,'2012-08-13 09:24:35','21034-5028C7D2.000514D3','Mail.RL ','nagios@localhost.localdomain','shaozhihu@myxiequ.com','** PROBLEM Host Alert: winserver is DOWN **/864','OK','@.spam/JUHH28V9','MGSPAM-commtouch-40','utf-8\n','2012-08-21 07:21:09','2012-08-21 07:21:09'),(5848,'2012-08-13 09:28:04','20947-5028C8A1.000EEFA6','Mail.RL ','wuyc@smartspread.net','anna@myxiequ.com','博客发布日报/3215736','OK',NULL,'MGHAM-data_size-40','utf-8\n','2012-08-21 07:21:09','2012-08-21 07:21:09'),(5849,'2012-08-13 09:28:11','21032-5028C8AA.0006CA6E','Mail.RL ','eo@xtloeuc.net','gavin@myxiequ.com','d9sty[狼ca性ae销cw售cu训aw练]/9916','OK','@.spam/B5IH285F','MGSPAM-commtouch-51','utf-8\n','2012-08-21 07:21:09','2012-08-21 07:21:09'),(5850,'2012-08-13 09:29:24','21012-5028C8F4.0001AC21','Mail.RL ','396082145@qq.com','cs@myxiequ.com','8-11、12日QA/82983','OK',NULL,'MGHAM-header_match_any-40','utf-8\n','2012-08-21 07:21:09','2012-08-21 07:21:09'),(5851,'2012-08-13 09:29:25','21012-5028C8F4.0001AC21','Mail.RL ','396082145@qq.com','zhanghai@myxiequ.com','8-11、12日QA/82983','OK',NULL,'MGHAM-compute_score-2','utf-8\n','2012-08-21 07:21:09','2012-08-21 07:21:09'),(5852,'2012-08-13 09:31:37','21012-5028C977.00025005','Mail.RL ','lilyduan0527@gmail.com','tomwang@myxiequ.com','8月13日出客户林怡慧订单12双，麻烦请客服K单，仓库扣减库存/212613','OK',NULL,'MGHAM-compute_score-2','utf-8\n','2012-08-21 07:21:09','2012-08-21 07:21:09'),(5853,'2012-08-13 09:31:37','21012-5028C977.00025005','Mail.RL ','lilyduan0527@gmail.com','carrie@myxiequ.com','8月13日出客户林怡慧订单12双，麻烦请客服K单，仓库扣减库存/212613','OK',NULL,'MGHAM-compute_score-2','utf-8\n','2012-08-21 07:21:09','2012-08-21 07:21:09'),(5854,'2012-08-13 09:31:37','21012-5028C977.00025005','Mail.RL ','lilyduan0527@gmail.com','zhouhui@myxiequ.com','8月13日出客户林怡慧订单12双，麻烦请客服K单，仓库扣减库存/212613','OK',NULL,'MGHAM-compute_score-2','utf-8\n','2012-08-21 07:21:09','2012-08-21 07:21:09'),(5855,'2012-08-13 09:31:37','21012-5028C977.00025005','Mail.RL ','lilyduan0527@gmail.com','cissy@myxiequ.com','8月13日出客户林怡慧订单12双，麻烦请客服K单，仓库扣减库存/212613','OK',NULL,'MGHAM-compute_score-2','utf-8\n','2012-08-21 07:21:09','2012-08-21 07:21:09'),(5856,'2012-08-13 09:31:37','21012-5028C977.00025005','Mail.RL ','lilyduan0527@gmail.com','fang@myxiequ.com','8月13日出客户林怡慧订单12双，麻烦请客服K单，仓库扣减库存/212613','OK',NULL,'MGHAM-compute_score-2','utf-8\n','2012-08-21 07:21:09','2012-08-21 07:21:09'),(5857,'2012-08-13 09:34:53','21012-5028CA3A.000C50A9','Mail.RL ','service@mail.alipay.com','finance@myxiequ.com','交易状态已改变为：交易成功/10837','OK',NULL,'MGHAM-header_match_any-40','utf-8\n','2012-08-21 07:21:09','2012-08-21 07:21:09'),(5858,'2012-08-13 09:40:19','21012-5028CB83.00011C98','Mail.RL ','jpfcllfn@ymmwjryh.org','sarah@myxiequ.com','zxf9k[新ws产aw品w开se发c策ew略]/11797','OK','@.spam/3SIH287F','MGSPAM-commtouch-51','utf-8\n','2012-08-21 07:21:09','2012-08-21 07:21:09'),(5859,'2012-08-13 09:45:49','21012-5028CCCC.0008AFC6','Mail.RL ','angelc97008@gmail.com','gavin@myxiequ.com','/4234','OK',NULL,'MGHAM-compute_score-2','utf-8\n','2012-08-21 07:21:09','2012-08-21 07:21:09'),(5860,'2012-08-13 09:47:22','21012-5028CD26.0002C649','Mail.RL ','resume@quickmail.51job.com','young@myxiequ.com','(51job.com)申请贵公司会员活动策划主管（上海-普陀区）－钟茂春 /90348','OK','@.spam/A9JH2832','MGSPAM-compute_score-51','utf-8\n','2012-08-21 07:21:09','2012-08-21 07:21:09'),(5861,'2012-08-13 09:47:44','21012-5028CD3E.0002F10E','Mail.RL ','hbohuzobj@rxumhc.org','gavin@myxiequ.com','c9jcw[如a何c降e低s包w装e成v本？/18176','OK','@.spam/0AJH283I','MGSPAM-commtouch-51','utf-8\n','2012-08-21 07:21:09','2012-08-21 07:21:09'),(5862,'2012-08-13 09:52:40','21032-5028CE65.000842E4','Mail.RL ','313820977@qq.com','wangguang@myxiequ.com','日志/52370','OK',NULL,'MGHAM-header_match_any-40','utf-8\n','2012-08-21 07:21:09','2012-08-21 07:21:09'),(5863,'2012-08-13 09:53:08','21032-5028CE83.00015CE3','Mail.RL ','xoboy@126.com','service@myxiequ.com','吴健华 自动回复: 恭喜您，成功注册麦鞋趣会员！/2735','OK',NULL,'MGHAM-compute_score-2','utf-8\n','2012-08-21 07:21:09','2012-08-21 07:21:09'),(5864,'2012-08-13 09:53:08','20970-5028CE81.0008BE90','Mail.RL ','xoboy@126.com','service@myxiequ.com','吴健华 自动回复: 加入麦鞋趣 享受VIP特权！/2729','OK',NULL,'MGHAM-compute_score-2','utf-8\n','2012-08-21 07:21:09','2012-08-21 07:21:09'),(5865,'2012-08-13 09:54:46','20947-5028CEE3.000D5AA6','Mail.RL ','nagios@localhost.localdomain','shaozhihu@myxiequ.com','** PROBLEM Host Alert: winserver is DOWN **/864','OK','@.spam/6NJH28P0','MGSPAM-commtouch-40','utf-8\n','2012-08-21 07:21:09','2012-08-21 07:21:09');
/*!40000 ALTER TABLE `sendmail_logs` ENABLE KEYS */;
UNLOCK TABLES;

--
-- Table structure for table `templates`
--

DROP TABLE IF EXISTS `templates`;
SET @saved_cs_client     = @@character_set_client;
SET character_set_client = utf8;
CREATE TABLE `templates` (
  `id` int(11) NOT NULL auto_increment,
  `name` varchar(255) collate utf8_unicode_ci default NULL,
  `file_name` varchar(255) collate utf8_unicode_ci default NULL,
  `created_at` datetime NOT NULL,
  `updated_at` datetime NOT NULL,
  `img_url` int(11) default '2',
  `zip_url` varchar(100) collate utf8_unicode_ci default NULL,
  `zip_name` varchar(100) collate utf8_unicode_ci default NULL,
  PRIMARY KEY  (`id`)
) ENGINE=InnoDB AUTO_INCREMENT=90 DEFAULT CHARSET=utf8 COLLATE=utf8_unicode_ci;
SET character_set_client = @saved_cs_client;

--
-- Dumping data for table `templates`
--

LOCK TABLES `templates` WRITE;
/*!40000 ALTER TABLE `templates` DISABLE KEYS */;
INSERT INTO `templates` VALUES (88,'测试','测试','2012-08-14 01:52:30','2012-08-14 01:52:30',2,NULL,NULL),(89,'测试1','测试1','2012-08-22 02:56:56','2012-08-22 02:56:56',2,NULL,NULL);
/*!40000 ALTER TABLE `templates` ENABLE KEYS */;
UNLOCK TABLES;

--
-- Table structure for table `tracks`
--

DROP TABLE IF EXISTS `tracks`;
SET @saved_cs_client     = @@character_set_client;
SET character_set_client = utf8;
CREATE TABLE `tracks` (
  `id` int(11) NOT NULL auto_increment,
  `member_id` int(11) default NULL,
  `campaign_id` int(11) default NULL,
  `created_at` datetime NOT NULL,
  `updated_at` datetime NOT NULL,
  PRIMARY KEY  (`id`)
) ENGINE=InnoDB AUTO_INCREMENT=3 DEFAULT CHARSET=utf8 COLLATE=utf8_unicode_ci;
SET character_set_client = @saved_cs_client;

--
-- Dumping data for table `tracks`
--

LOCK TABLES `tracks` WRITE;
/*!40000 ALTER TABLE `tracks` DISABLE KEYS */;
INSERT INTO `tracks` VALUES (1,1,4,'2012-07-19 07:53:48','2012-07-19 07:53:48'),(2,1,4,'2012-07-19 10:46:00','2012-07-19 10:46:00');
/*!40000 ALTER TABLE `tracks` ENABLE KEYS */;
UNLOCK TABLES;

--
-- Table structure for table `useradmins`
--

DROP TABLE IF EXISTS `useradmins`;
SET @saved_cs_client     = @@character_set_client;
SET character_set_client = utf8;
CREATE TABLE `useradmins` (
  `id` int(11) NOT NULL auto_increment,
  `template` int(11) default NULL,
  `campaign` int(11) default NULL,
  `report` int(11) default NULL,
  `created_at` datetime NOT NULL,
  `updated_at` datetime NOT NULL,
  `user_id` int(11) default NULL,
  `list` int(11) default NULL,
  `super` int(11) default NULL,
  PRIMARY KEY  (`id`)
) ENGINE=InnoDB AUTO_INCREMENT=9 DEFAULT CHARSET=utf8 COLLATE=utf8_unicode_ci;
SET character_set_client = @saved_cs_client;

--
-- Dumping data for table `useradmins`
--

LOCK TABLES `useradmins` WRITE;
/*!40000 ALTER TABLE `useradmins` DISABLE KEYS */;
INSERT INTO `useradmins` VALUES (1,1,1,1,'2012-08-09 11:21:22','2012-08-21 07:46:24',1,1,1),(6,0,0,0,'2012-08-09 08:32:28','2012-08-09 08:32:28',2,NULL,NULL),(8,0,0,0,'2012-08-09 09:31:40','2012-08-09 09:31:40',4,NULL,NULL);
/*!40000 ALTER TABLE `useradmins` ENABLE KEYS */;
UNLOCK TABLES;

--
-- Table structure for table `users`
--

DROP TABLE IF EXISTS `users`;
SET @saved_cs_client     = @@character_set_client;
SET character_set_client = utf8;
CREATE TABLE `users` (
  `id` int(11) NOT NULL auto_increment,
  `email` varchar(255) collate utf8_unicode_ci NOT NULL default '',
  `encrypted_password` varchar(255) collate utf8_unicode_ci NOT NULL default '',
  `reset_password_token` varchar(255) collate utf8_unicode_ci default NULL,
  `reset_password_sent_at` datetime default NULL,
  `remember_created_at` datetime default NULL,
  `sign_in_count` int(11) default '0',
  `current_sign_in_at` datetime default NULL,
  `last_sign_in_at` datetime default NULL,
  `current_sign_in_ip` varchar(255) collate utf8_unicode_ci default NULL,
  `last_sign_in_ip` varchar(255) collate utf8_unicode_ci default NULL,
  `created_at` datetime NOT NULL,
  `updated_at` datetime NOT NULL,
  PRIMARY KEY  (`id`),
  UNIQUE KEY `index_users_on_email` (`email`),
  UNIQUE KEY `index_users_on_reset_password_token` (`reset_password_token`)
) ENGINE=InnoDB AUTO_INCREMENT=5 DEFAULT CHARSET=utf8 COLLATE=utf8_unicode_ci;
SET character_set_client = @saved_cs_client;

--
-- Dumping data for table `users`
--

LOCK TABLES `users` WRITE;
/*!40000 ALTER TABLE `users` DISABLE KEYS */;
INSERT INTO `users` VALUES (1,'yy_lfy@126.com','$2a$10$00U3jE8sYqf2qm64wb.Af..37icGdo0j0EIlBi25S1JZuNZ5BrPtG',NULL,NULL,NULL,11,'2012-08-22 02:56:34','2012-08-21 06:44:36','192.168.186.1','192.168.186.1','2012-08-09 01:55:11','2012-08-22 02:56:34'),(2,'eric@126.com','$2a$10$FW47GljkeW96BSaAxgQU.eR..X4fUDFVPKIaItoGvP/I85xSGrafa',NULL,NULL,NULL,2,'2012-08-21 08:10:18','2012-08-09 08:25:06','192.168.186.1','192.168.186.1','2012-08-09 08:25:06','2012-08-21 08:10:18'),(4,'eleven@126.com','$2a$10$S6WK4XHxzJ33SY4mCTuUJOnmSCiJEQLCPvWEyhUXSwb7UfOSIZNoy',NULL,NULL,NULL,1,'2012-08-09 09:31:40','2012-08-09 09:31:40','192.168.186.1','192.168.186.1','2012-08-09 09:31:40','2012-08-09 09:31:40');
/*!40000 ALTER TABLE `users` ENABLE KEYS */;
UNLOCK TABLES;
/*!40103 SET TIME_ZONE=@OLD_TIME_ZONE */;

/*!40101 SET SQL_MODE=@OLD_SQL_MODE */;
/*!40014 SET FOREIGN_KEY_CHECKS=@OLD_FOREIGN_KEY_CHECKS */;
/*!40014 SET UNIQUE_CHECKS=@OLD_UNIQUE_CHECKS */;
/*!40101 SET CHARACTER_SET_CLIENT=@OLD_CHARACTER_SET_CLIENT */;
/*!40101 SET CHARACTER_SET_RESULTS=@OLD_CHARACTER_SET_RESULTS */;
/*!40101 SET COLLATION_CONNECTION=@OLD_COLLATION_CONNECTION */;
/*!40111 SET SQL_NOTES=@OLD_SQL_NOTES */;

-- Dump completed on 2012-08-22  3:19:15
